dataset_key,city,network,sensor_id,station_name,source_frequency,valid_observation_count,source_record_uptime_pct,relative_low_observation_count,relative_low_observation_pct_of_valid,daily_relative_low_day_count,daily_relative_low_day_pct_of_observed_days,period_mean_pm25_ugm3,pm_min_ugm3,pm_p01_ugm3,pm_p05_ugm3,pm_median_ugm3,pm_p95_ugm3,pm_max_ugm3,pm_gt0_lt1_count,pm_gt0_lt1_pct_of_valid,pm_gt0_lt2_count,pm_gt0_lt2_pct_of_valid,pm_gt0_lt5_count,pm_gt0_lt5_pct_of_valid,low_tail_review_flag,low_tail_rank_score
dhaka_lcs,Dhaka,LCS,81432151072,63. Khilkhet,hourly,8045,91.837899543379,1519,18.881292728402734,67,19.420289855072465,25.025750984048063,1.0,1.75,3.5,18.75,64.25,1717.0,0,0.0,82,1.019266625233064,683,8.489745183343691,True,39.32084920870826
lucknow_lcs,Lucknow,LCS,81432144017,Aziz Nagar,hourly,7911,90.3082191780822,738,9.328782707622299,28,8.408408408408409,69.98664307082964,1.0,1.0,2.75,35.0,258.75,1758.6666666666667,0,0.0,189,2.3890784982935154,755,9.543673366198963,True,20.126269614324222
chicago_lcs_corrected_no_collocation,Chicago,LCS corrected,DAEXF8484,Mount Greenwood 1,official_daily,241,99.58677685950413,5,2.074688796680498,5,2.074688796680498,10.63643153526971,1.69,2.0,3.2,9.36,22.7,29.37,0,0.0,3,1.2448132780082988,35,14.522821576763485,True,5.394190871369295
dhaka_lcs,Dhaka,LCS,81432150006,"31. Rupnogor high school, Pallabi",hourly,6687,76.33561643835617,254,3.7984148347540003,1,0.33003300330033003,36.829482578136684,1.0,2.0,3.25,22.5,112.67499999999995,1596.25,0,0.0,22,0.32899656049050396,758,11.335426947809182,True,4.457444398544834
chicago_lcs_corrected_no_collocation,Chicago,LCS corrected,DMMAG3845,Riverdale 3,official_daily,241,99.58677685950413,4,1.6597510373443984,4,1.6597510373443984,5.02058091286307,3.0,3.086,3.39,4.34,8.97,12.28,0,0.0,0,0.0,156,64.73029045643153,True,3.319502074688797
lucknow_lcs,Lucknow,LCS,81432144008,Chak Ganjaria,hourly,1248,14.246575342465754,0,0.0,0,0.0,34.47309027777778,1.0,2.1175,5.25,29.5,80.56249999999983,169.25,0,0.0,9,0.7211538461538461,54,4.326923076923077,False,0.7211538461538461
dhaka_lcs,Dhaka,LCS,81432130035,12. Bashundhara RA,hourly,5405,61.70091324200913,3,0.05550416281221091,2,0.5780346820809249,39.60033919210607,1.5,5.253333333333333,8.25,30.25,99.45000000000005,227.5,0,0.0,1,0.018501387604070305,36,0.666049953746531,False,0.6520402324972061
dhaka_lcs,Dhaka,LCS,81432124031,1. Siddeshwari ,hourly,8029,91.65525114155251,8,0.09963880931622868,1,0.2881844380403458,39.166376053472824,1.0,3.25,5.75,27.5,106.75,322.5,0,0.0,9,0.11209366048075725,238,2.964254577157803,False,0.4999169078373317
dhaka_lcs,Dhaka,LCS,81432130015,18. North Badda,hourly,7483,85.42237442922375,7,0.09354536950420954,1,0.2958579881656805,50.1216312530625,1.0,5.0,8.5,34.75,141.5,354.75,0,0.0,7,0.09354536950420954,69,0.9220900708272083,False,0.4829487271740996
dhaka_lcs,Dhaka,LCS,81432130043,"17. Mirpur, Botanical",hourly,6642,75.82191780821918,9,0.13550135501355012,1,0.33783783783783783,59.95105640871224,2.0,4.0,6.25,38.0,176.0,448.5,0,0.0,0,0.0,174,2.6196928635953025,False,0.4733391928513879
dhaka_lcs,Dhaka,LCS,81432130017,8. Vasantek,hourly,6549,74.76027397260275,7,0.10688654756451367,1,0.30120481927710846,73.00848705513613,1.0,6.25,10.25,46.75,211.5,1137.25,0,0.0,4,0.0610780271797221,20,0.30539013589861047,False,0.4691693940213442
dhaka_lcs,Dhaka,LCS,81432130036,10. Dholaipar,hourly,7782,88.83561643835617,7,0.08995116936520174,1,0.2958579881656805,53.59212498929153,1.0,4.0,7.75,36.5,158.48749999999995,466.25,0,0.0,6,0.07710100231303008,141,1.8118735543562066,False,0.4629101598439123
lucknow_lcs,Lucknow,LCS,81432144026,Itaunja,hourly,7034,80.29680365296804,4,0.05686664771111743,0,0.0,56.64951189460714,1.0,3.0,6.75,40.0,149.83749999999986,342.75,0,0.0,27,0.3838498720500427,193,2.743815752061416,False,0.4407165197611601
dhaka_lcs,Dhaka,LCS,81432130021,"11. Cantonment, Balurghat",hourly,8039,91.76940639269407,8,0.0995148650329643,1,0.27932960893854747,67.44195584743316,1.0,3.5,6.25,31.5,220.0,1093.75,0,0.0,4,0.04975743251648215,220,2.736658788406518,False,0.4286019064879939
dhaka_lcs,Dhaka,LCS,81432130033,"14. Hemayatpur, NAAFCO",hourly,7485,85.44520547945206,8,0.10688042752171009,1,0.303951367781155,52.5852928078379,1.75,4.736666666666667,7.75,37.25,140.5,452.0,0,0.0,1,0.013360053440213761,85,1.1356045424181698,False,0.4241918487430788
dhaka_lcs,Dhaka,LCS,81432130014,"16. Narayangonj, Gognogor",hourly,8731,99.6689497716895,8,0.09162753407398923,1,0.273972602739726,79.62897529874394,1.0,4.75,7.25,39.25,277.125,662.75,0,0.0,5,0.05726720879624327,102,1.1682510594433628,False,0.4228673456099585
dhaka_lcs,Dhaka,LCS,81432130042,15. Mohammadpur,hourly,8097,92.43150684931507,9,0.11115227862171174,1,0.28653295128939826,43.36296364908814,1.75,4.0,6.25,26.75,129.75,311.75,0,0.0,1,0.012350253180190195,171,2.111893293812523,False,0.41003548309130017
dhaka_lcs,Dhaka,LCS,81432130029,"13. Uttara, sector 10",hourly,8048,91.87214611872146,9,0.11182902584493042,1,0.2932551319648094,57.87832380715706,2.25,4.5,7.0,33.75,175.25,420.0,0,0.0,0,0.0,119,1.478628230616302,False,0.40508415780973983
dhaka_lcs,Dhaka,LCS,81432130001,25. Shahnoori model high school,hourly,7976,91.05022831050228,8,0.10030090270812438,1,0.2915451895043732,50.77522149782681,3.0,5.75,9.0,33.25,151.8125,428.5,0,0.0,0,0.0,40,0.5015045135406219,False,0.39184609221249755
dhaka_lcs,Dhaka,LCS,81432130028,7. South Nilkhet,hourly,8350,95.31963470319634,8,0.09580838323353294,1,0.2808988764044944,49.884576561163385,2.0,3.5,5.75,30.708333333333336,146.25,1112.25,0,0.0,0,0.0,257,3.0778443113772456,False,0.3767072596380273
dhaka_lcs,Dhaka,LCS,81432130025,21. Jagannath University,hourly,8624,98.44748858447488,6,0.06957328385899815,1,0.273972602739726,48.490298392084114,1.0,4.25,6.5,32.0,136.46249999999986,519.0,0,0.0,1,0.011595547309833023,157,1.8205009276437847,False,0.3551414339085572
lucknow_lcs,Lucknow,LCS,81432144023,Mohammadpur,hourly,6905,78.82420091324201,1,0.01448225923244026,0,0.0,64.01088583152305,1.0,3.0,6.0,46.0,172.46666666666655,345.0,0,0.0,21,0.30412744388124546,228,3.3019551049963796,False,0.31860970311368575
lucknow_lcs,Lucknow,LCS,81432147072,Haroiya,hourly,8637,98.5958904109589,5,0.0578904712284358,0,0.0,48.43066651229208,1.0,3.5,6.5,33.0,135.79999999999973,736.25,0,0.0,22,0.25471807340511754,194,2.246150283663309,False,0.31260854463355336
lucknow_lcs,Lucknow,LCS,81432144006,Jankipuram Vistar,hourly,5396,61.598173515981735,0,0.0,0,0.0,49.37090746231777,1.0,3.75,7.75,30.75,162.25,488.5,0,0.0,14,0.25945144551519644,93,1.7234988880652335,False,0.25945144551519644
lucknow_lcs,Lucknow,LCS,81432147060,Shanti Nagar,hourly,4630,52.853881278538815,0,0.0,0,0.0,24.81814254859611,1.0,3.2741666666666664,5.75,19.75,58.5,183.75,0,0.0,12,0.2591792656587473,136,2.937365010799136,False,0.2591792656587473
lucknow_lcs,Lucknow,LCS,81432144007,Dashauli,hourly,5140,58.67579908675799,0,0.0,0,0.0,39.57855058365759,1.0,3.5,6.5,24.5,145.01250000000005,356.0,0,0.0,13,0.2529182879377432,112,2.178988326848249,False,0.2529182879377432
lucknow_lcs,Lucknow,LCS,81432130004,"B R Ambedkar University, Lucknow - UPPCB",hourly,6880,78.53881278538813,0,0.0,0,0.0,44.418519864341086,1.0,3.5,6.25,27.75,135.01249999999982,297.25,0,0.0,17,0.24709302325581395,177,2.572674418604651,False,0.24709302325581395
lucknow_lcs,Lucknow,LCS,81432144009,Awadh_vihar_yojna,hourly,6604,75.38812785388127,0,0.0,0,0.0,61.38157429840501,1.0,4.0,8.0,39.75,181.71249999999986,451.5,0,0.0,15,0.2271350696547547,114,1.7262265293761356,False,0.2271350696547547
lucknow_lcs,Lucknow,LCS,81432131016,Jankipuram,hourly,8657,98.82420091324201,1,0.011551345731777752,0,0.0,54.916031342651415,1.0,3.7133333333333334,6.950000000000003,34.25,160.04999999999973,1210.75,0,0.0,18,0.20792422317199954,196,2.2640637634284393,False,0.21947556890377729
lucknow_lcs,Lucknow,LCS,81432144025,Baksi Ka Talab,hourly,8053,91.92922374429224,1,0.012417732522041475,0,0.0,64.77787780951198,1.0,4.0,8.333333333333334,44.25,178.8499999999999,364.5,0,0.0,16,0.1986837203526636,120,1.490127902644977,False,0.21110145287470508
lucknow_lcs,Lucknow,LCS,81432131013,Kakori,hourly,8396,95.84474885844749,4,0.04764173415912339,0,0.0,48.01528505637605,1.0,3.3333333333333335,6.25,31.25,137.75,424.75,0,0.0,13,0.15483563601715103,237,2.822772748928061,False,0.20247737017627443
lucknow_lcs,Lucknow,LCS,81432131015,IITR-Hazratganj,hourly,5897,67.31735159817352,0,0.0,0,0.0,72.82303148493584,1.0,4.5,8.0,46.0,205.14999999999986,826.0,0,0.0,11,0.18653552653891808,72,1.2209598100729184,False,0.18653552653891808
lucknow_lcs,Lucknow,LCS,81432147049,Bijnor,hourly,6640,75.79908675799086,8,0.12048192771084337,0,0.0,58.63029618473895,1.5,4.398333333333333,8.5,39.666666666666664,160.5,339.25,0,0.0,4,0.060240963855421686,82,1.2349397590361446,False,0.18072289156626506
lucknow_lcs,Lucknow,LCS,81432147033,Kukrail_LCS_uppcb,hourly,6827,77.9337899543379,0,0.0,0,0.0,54.492651725989944,1.0,4.25,8.5,39.0,148.42499999999995,527.5,0,0.0,12,0.17577266735022704,94,1.3768858942434452,False,0.17577266735022704
lucknow_lcs,Lucknow,LCS,81432131012,Vrindavan Yojana,hourly,5699,65.05707762557077,0,0.0,0,0.0,81.2991752939112,1.0,4.25,10.25,54.75,224.03333333333316,862.5,0,0.0,10,0.1754693805930865,73,1.2809264783295315,False,0.1754693805930865
dhaka_lcs,Dhaka,LCS,81432151044,"75. Uttara, Rd 12",hourly,6329,72.24885844748859,0,0.0,0,0.0,46.873531890240685,1.0,5.0,6.75,26.75,143.75,1674.5,0,0.0,11,0.1738031284563122,51,0.805814504661084,False,0.1738031284563122
lucknow_lcs,Lucknow,LCS,81432147069,Hazratganj_NBRI,hourly,5855,66.837899543379,0,0.0,0,0.0,39.178181041844574,1.0,4.0,6.5,25.25,126.25,286.0,0,0.0,10,0.1707941929974381,119,2.032450896669513,False,0.1707941929974381
lucknow_lcs,Lucknow,LCS,81432144019,Mubarakpur,hourly,7135,81.44977168949772,0,0.0,0,0.0,84.01406213501517,1.0,5.0,9.75,60.0,217.75,827.75,0,0.0,12,0.16818500350385424,65,0.9110021023125437,False,0.16818500350385424
lucknow_lcs,Lucknow,LCS,81432131004,Mahanagar,hourly,7758,88.56164383561644,0,0.0,0,0.0,50.80289163873851,1.0,4.0,6.333333333333333,31.0,153.75,725.0,0,0.0,13,0.16756896107244135,162,2.0881670533642693,False,0.16756896107244135
lucknow_lcs,Lucknow,LCS,81432147062,Tiwariganj,hourly,8712,99.45205479452055,0,0.0,0,0.0,70.100484006734,1.0,4.5,8.5,44.75,208.0,605.75,0,0.0,14,0.16069788797061524,101,1.1593204775022956,False,0.16069788797061524
dhaka_lcs,Dhaka,LCS,81432151062,74. CARS,hourly,7593,86.67808219178082,0,0.0,0,0.0,51.681197594275424,1.0,4.0,5.75,31.75,157.3499999999999,1649.75,0,0.0,12,0.15804030027657054,200,2.634005004609509,False,0.15804030027657054
lucknow_lcs,Lucknow,LCS,81432147038,Mall,hourly,5241,59.82876712328767,1,0.019080328181644724,0,0.0,56.158732430197794,1.0,3.75,7.0,33.25,182.25,426.0,0,0.0,7,0.13356229727151306,97,1.8507918336195384,False,0.1526426254531578
lucknow_lcs,Lucknow,LCS,81432131007,Charbagh,hourly,5361,61.1986301369863,0,0.0,0,0.0,30.913309084126094,1.0,4.0,6.25,21.25,92.0,271.75,0,0.0,8,0.14922589069203507,113,2.1078157060249954,False,0.14922589069203507
lucknow_lcs,Lucknow,LCS,81432147076,Jopling,hourly,7462,85.18264840182648,0,0.0,0,0.0,64.33333333333333,1.0,4.5,7.75,38.5,187.75,690.25,0,0.0,11,0.1474135620477084,103,1.3803269900830877,False,0.1474135620477084
dhaka_lcs,Dhaka,LCS,81432152006,73. Science Lab,hourly,7670,87.55707762557077,0,0.0,0,0.0,60.378759235115176,1.0,5.0,7.25,38.25,183.38749999999982,1582.75,0,0.0,11,0.14341590612777053,48,0.6258148631029987,False,0.14341590612777053
lucknow_lcs,Lucknow,LCS,81432147004,Anand Nagar,hourly,8432,96.25570776255708,0,0.0,0,0.0,48.52781072106262,1.0,4.0,7.0,31.75,142.25,337.0,0,0.0,12,0.14231499051233396,157,1.8619544592030361,False,0.14231499051233396
lucknow_lcs,Lucknow,LCS,81432147036,Telibagh,hourly,7732,88.2648401826484,0,0.0,0,0.0,65.0348767028798,1.0,4.5,8.5,41.0,187.75,772.5,0,0.0,11,0.14226590791515778,93,1.2027935851008795,False,0.14226590791515778
lucknow_lcs,Lucknow,LCS,81432130008,Lucknow Cantonment,hourly,7033,80.28538812785388,0,0.0,0,0.0,54.65526802218115,1.0,3.75,7.0,30.0,182.75,501.0,0,0.0,10,0.14218683349921798,148,2.104365135788426,False,0.14218683349921798
dhaka_lcs,Dhaka,LCS,81432124034,2. Dhaka University ,hourly,8742,99.79452054794521,0,0.0,0,0.0,54.32245672233662,1.0,4.25,6.75,31.5,165.25,1423.75,0,0.0,12,0.13726835964310227,157,1.795927705330588,False,0.13726835964310227
dhaka_lcs,Dhaka,LCS,81432151024,62. Curzon hall,hourly,8205,93.66438356164383,0,0.0,0,0.0,49.81364005687588,1.0,4.0,5.550000000000011,28.5,154.5,1814.3333333333333,0,0.0,11,0.1340645947592931,221,2.693479585618525,False,0.1340645947592931
lucknow_lcs,Lucknow,LCS,81432147037,HariKansh_garhi,hourly,6013,68.64155251141553,0,0.0,0,0.0,66.89734741393649,1.0,4.0,7.75,41.75,195.25,417.25,0,0.0,8,0.13304506901712956,104,1.729585897222684,False,0.13304506901712956
lucknow_lcs,Lucknow,LCS,81432144031,Kalyanpur,hourly,4846,55.31963470319635,0,0.0,0,0.0,82.04586256706561,1.0,6.612500000000001,13.5,62.75,202.0,904.3333333333334,0,0.0,6,0.12381345439537764,23,0.4746182418489476,False,0.12381345439537764
dhaka_lcs,Dhaka,LCS,81432152014,"35. Mirpur, Pirerbag",hourly,7677,87.63698630136986,0,0.0,0,0.0,53.4673483565629,1.0,4.25,7.0,30.0,163.25,1557.75,0,0.0,9,0.11723329425556858,116,1.5110069037384395,False,0.11723329425556858
lucknow_lcs,Lucknow,LCS,81432131001,Transport Nagar,hourly,5152,58.81278538812786,0,0.0,0,0.0,32.225333203933744,1.25,4.0,6.75,22.0,106.5,218.0,0,0.0,6,0.11645962732919254,105,2.0380434782608696,False,0.11645962732919254
lucknow_lcs,Lucknow,LCS,81432130003,Aliganj,hourly,8639,98.61872146118722,0,0.0,0,0.0,52.653248832812444,1.0,4.25,7.5,32.75,154.5,682.3333333333334,0,0.0,10,0.11575413821044102,122,1.4122004861673805,False,0.11575413821044102
lucknow_lcs,Lucknow,LCS,81432144015,Mohanlalganj,hourly,6477,73.93835616438356,0,0.0,0,0.0,82.04042509392207,1.0,5.0,9.0,38.25,224.24999999999977,1883.0,0,0.0,7,0.10807472595337347,54,0.8337193144974525,False,0.10807472595337347
lucknow_lcs,Lucknow,LCS,81432147045,Qaiserbagh,hourly,6241,71.24429223744292,0,0.0,0,0.0,103.12680927201836,1.0,6.75,12.0,62.75,297.0,1037.0,0,0.0,6,0.09613843935266785,25,0.400576830636116,False,0.09613843935266785
lucknow_lcs,Lucknow,LCS,81432147061,Para,hourly,6414,73.21917808219177,0,0.0,0,0.0,59.181841804386245,1.5,5.032499999999999,9.25,40.25,159.58749999999986,621.0,0,0.0,6,0.09354536950420954,55,0.8574992204552542,False,0.09354536950420954
lucknow_lcs,Lucknow,LCS,81432147047,Aliganj -II,hourly,7537,86.03881278538813,0,0.0,0,0.0,73.58938127460085,1.0,5.0,9.5,47.5,209.0,1102.0,0,0.0,7,0.09287514926363274,73,0.9685551280350272,False,0.09287514926363274
dhaka_lcs,Dhaka,LCS,81432151018,69. Kazlarpar School,hourly,6754,77.10045662100457,1,0.014806040864672786,0,0.0,50.995385450597176,1.0,4.0,5.5,26.0,161.5,1563.5,0,0.0,5,0.07403020432336394,158,2.3393544566183,False,0.08883624518803672
lucknow_lcs,Lucknow,LCS,81432147051,Prabandh Nagar,hourly,8292,94.65753424657534,0,0.0,0,0.0,66.56555515356166,1.0,5.25,9.5,44.0,181.5,1099.75,0,0.0,7,0.0844187168355041,51,0.6150506512301013,False,0.0844187168355041
lucknow_lcs,Lucknow,LCS,81432147001,Arjunganj,hourly,6114,69.79452054794521,0,0.0,0,0.0,89.1962163340966,1.0,5.0,9.75,49.0,282.1749999999997,901.5,0,0.0,5,0.08177952240758914,54,0.8832188420019627,False,0.08177952240758914
lucknow_lcs,Lucknow,LCS,81432131014,"Gomti Nagar, Lucknow - UPPCB",hourly,6140,70.09132420091325,0,0.0,0,0.0,63.623059174809995,1.0,4.0975,8.666666666666666,43.25,175.75,467.0,0,0.0,5,0.08143322475570032,81,1.3192182410423452,False,0.08143322475570032
lucknow_lcs,Lucknow,LCS,81432147070,Asharfabad,hourly,6361,72.61415525114155,0,0.0,0,0.0,74.69974584708903,1.0,4.0,6.5,38.25,238.25,1300.75,0,0.0,5,0.07860399308284861,119,1.870775035371797,False,0.07860399308284861
lucknow_lcs,Lucknow,LCS,81432147055,Daliganj,hourly,5182,59.15525114155251,0,0.0,0,0.0,50.22267785925641,1.0,6.25,11.0,38.5,132.98749999999995,392.75,0,0.0,4,0.0771902740254728,22,0.42454650714010034,False,0.0771902740254728
dhaka_lcs,Dhaka,LCS,81432151022,34. Farmgate,hourly,7775,88.75570776255708,0,0.0,0,0.0,63.93443729903537,1.0,5.25,8.5,40.75,179.64999999999964,1739.0,0,0.0,6,0.07717041800643087,56,0.7202572347266881,False,0.07717041800643087
lucknow_lcs,Lucknow,LCS,81432144024,Umarbhari,hourly,2669,30.468036529680365,0,0.0,0,0.0,43.83932808792307,1.25,4.25,6.0,23.25,167.89999999999998,248.5,0,0.0,2,0.07493443237167478,52,1.9482952416635444,False,0.07493443237167478
lucknow_lcs,Lucknow,LCS,81432147043,Amrapali Yojna,hourly,8094,92.3972602739726,0,0.0,0,0.0,63.82031957828845,1.0,5.732500000000002,10.25,43.25,175.67499999999973,936.5,0,0.0,6,0.07412898443291327,44,0.5436125525080306,False,0.07412898443291327
lucknow_lcs,Lucknow,LCS,81432131006,Nishat Ganj,hourly,8318,94.95433789954338,0,0.0,0,0.0,63.65864190109801,1.0,4.5,8.0,38.5,190.2874999999999,728.0,0,0.0,6,0.0721327242125511,100,1.202212070209185,False,0.0721327242125511
lucknow_lcs,Lucknow,LCS,81432144020,HariharNagar,hourly,6983,79.71461187214612,0,0.0,0,0.0,68.39404028831926,1.0,5.955000000000002,10.25,43.0,203.9749999999999,817.0,0,0.0,5,0.0716024631247315,45,0.6444221681225835,False,0.0716024631247315
lucknow_lcs,Lucknow,LCS,81432147053,Ambalika,hourly,2827,32.27168949771689,0,0.0,0,0.0,71.76756868293833,1.5,3.6883333333333335,6.666666666666667,56.25,186.75,309.0,0,0.0,2,0.07074637424831977,67,2.3700035373187123,False,0.07074637424831977
lucknow_lcs,Lucknow,LCS,81432130005,Rajendra Nagar-II,hourly,7095,80.9931506849315,0,0.0,0,0.0,79.23019732205779,1.0,6.0,10.75,50.0,226.14999999999964,1148.0,0,0.0,5,0.07047216349541931,32,0.4510218463706836,False,0.07047216349541931
lucknow_lcs,Lucknow,LCS,81432144030,Gomti Nagar Ex,hourly,8526,97.32876712328768,0,0.0,0,0.0,58.72847759793573,1.0,4.5625,8.0,37.0,173.9375,600.5,0,0.0,6,0.07037297677691766,96,1.1259676284306825,False,0.07037297677691766
lucknow_lcs,Lucknow,LCS,81432144021,LPS Jankipuram,hourly,5686,64.90867579908675,0,0.0,0,0.0,55.96756653769493,1.25,4.0,6.75,31.75,178.6875,850.0,0,0.0,4,0.07034822370735139,119,2.092859655293704,False,0.07034822370735139
lucknow_lcs,Lucknow,LCS,81432147046,CMS_IndNgr,hourly,8568,97.8082191780822,0,0.0,0,0.0,49.385747354497354,1.0,4.5,7.75,32.75,142.5,475.5,0,0.0,6,0.0700280112044818,105,1.2254901960784315,False,0.0700280112044818
lucknow_lcs,Lucknow,LCS,81432147041,UniWrld IndNagar,hourly,5926,67.64840182648402,0,0.0,0,0.0,64.4266227922151,1.0,5.0,8.25,44.0,176.5,559.75,0,0.0,4,0.06749915626054674,48,0.809989875126561,False,0.06749915626054674
dhaka_lcs,Dhaka,LCS,81432151014,64. Satarkul,hourly,7458,85.13698630136986,2,0.026816840976133013,0,0.0,86.45218110306607,1.25,5.25,8.0,51.25,266.1124999999997,1748.5,0,0.0,3,0.04022526146419952,24,0.32180209171359614,False,0.06704210244033253
lucknow_lcs,Lucknow,LCS,81432147023,Piparsand,hourly,7577,86.49543378995433,0,0.0,0,0.0,58.56340460164533,1.0,4.75,8.333333333333334,39.5,165.25,346.0,0,0.0,5,0.06598917777484492,81,1.0690246799524878,False,0.06598917777484492
lucknow_lcs,Lucknow,LCS,81432144027,CIMAP,hourly,4576,52.23744292237443,0,0.0,0,0.0,57.457695949883444,1.25,4.25,7.0,29.0,196.5625,854.25,0,0.0,3,0.06555944055944056,66,1.4423076923076923,False,0.06555944055944056
lucknow_lcs,Lucknow,LCS,81432144022,Virat Khand,hourly,7673,87.59132420091325,0,0.0,0,0.0,63.09205438985187,1.0,5.0,9.0,40.5,180.75,852.75,0,0.0,5,0.06516356053694775,68,0.8862244233024893,False,0.06516356053694775
lucknow_lcs,Lucknow,LCS,81432131011,Aminabad,hourly,6178,70.52511415525115,0,0.0,0,0.0,59.48726664508471,1.0,6.75,10.0,36.0,176.75,718.75,0,0.0,4,0.06474587245063128,23,0.3722887665911298,False,0.06474587245063128
dhaka_lcs,Dhaka,LCS,81432150009,36. Sher-E-Bangla Nagar,hourly,8041,91.79223744292237,0,0.0,0,0.0,63.75585540770219,1.0,5.25,8.5,39.25,188.25,1604.75,0,0.0,5,0.062181320731252335,60,0.746175848775028,False,0.062181320731252335
lucknow_lcs,Lucknow,LCS,81432147057,Fazullaganj,hourly,8419,96.10730593607306,0,0.0,0,0.0,64.24725818584946,1.0,5.5,9.0,39.5,182.75,1340.75,0,0.0,5,0.05938947618482005,53,0.6295284475590925,False,0.05938947618482005
dhaka_lcs,Dhaka,LCS,81432151017,"39. Khilgaon, Goran",hourly,7246,82.71689497716895,0,0.0,0,0.0,56.39396448615327,1.0,5.0,7.75,33.75,164.6875,1707.0,0,0.0,4,0.05520287054926856,61,0.8418437758763456,False,0.05520287054926856
lucknow_lcs,Lucknow,LCS,81432131002,Dubagga,hourly,5776,65.93607305936074,0,0.0,0,0.0,59.130886426592795,1.0,6.75,10.5,37.75,169.25,1192.75,0,0.0,3,0.05193905817174515,20,0.3462603878116344,False,0.05193905817174515
lucknow_lcs,Lucknow,LCS,81432131009,Vipul Khand,hourly,6289,71.79223744292237,0,0.0,0,0.0,43.688450734085976,1.5,3.75,6.5,27.75,130.75,499.0,0,0.0,3,0.047702337414533315,138,2.1943075210685326,False,0.047702337414533315
lucknow_lcs,Lucknow,LCS,81432131005,Husainabad,hourly,8513,97.18036529680366,0,0.0,0,0.0,47.58585888249345,1.0,5.25,8.0,30.5,127.09999999999991,1162.25,0,0.0,4,0.04698696111828968,72,0.8457653001292141,False,0.04698696111828968
lucknow_lcs,Lucknow,LCS,81432147065,Balaganj,hourly,4492,51.278538812785385,0,0.0,0,0.0,114.7878821608786,1.25,7.5,13.0,86.75,295.86249999999995,1863.25,0,0.0,2,0.04452359750667854,16,0.3561887800534283,False,0.04452359750667854
lucknow_lcs,Lucknow,LCS,81432147034,Talkatora_BPS,hourly,2395,27.340182648401825,0,0.0,0,0.0,98.83514265831595,1.25,8.666666666666666,14.0,49.666666666666664,298.75,1042.25,0,0.0,1,0.04175365344467641,3,0.12526096033402923,False,0.04175365344467641
lucknow_lcs,Lucknow,LCS,81432147054,Malhaur,hourly,4995,57.02054794520548,0,0.0,0,0.0,50.04721388054722,1.0,4.25,7.0,27.0,185.07500000000005,431.0,0,0.0,2,0.04004004004004004,67,1.3413413413413413,False,0.04004004004004004
dhaka_lcs,Dhaka,LCS,81432152018,27. Mouchak,hourly,7764,88.63013698630137,2,0.02575991756826378,0,0.0,63.2390413017345,1.25,4.5,6.75,36.375,192.17499999999973,1674.75,0,0.0,1,0.01287995878413189,103,1.3266357547655847,False,0.03863987635239567
lucknow_lcs,Lucknow,LCS,81432147050,RDSO,hourly,8630,98.51598173515981,0,0.0,0,0.0,61.17160100424874,1.25,5.0,9.25,39.0,179.5,1079.5,0,0.0,2,0.023174971031286212,72,0.8342989571263036,False,0.023174971031286212
lucknow_lcs,Lucknow,LCS,81432144014,Nigoha,hourly,4622,52.76255707762557,0,0.0,0,0.0,80.98745131977499,1.25,6.25,11.75,51.5,247.75,513.25,0,0.0,1,0.021635655560363478,32,0.6923409779316313,False,0.021635655560363478
dhaka_lcs,Dhaka,LCS,81432130031,22. Uttar Khan,hourly,5119,58.43607305936073,1,0.019535065442469232,0,0.0,57.79278179331901,2.0,4.75,8.25,35.0,180.5,729.25,0,0.0,0,0.0,57,1.1134987302207462,False,0.019535065442469232
lucknow_lcs,Lucknow,LCS,81432147044,Rahta,hourly,5902,67.37442922374429,0,0.0,0,0.0,75.74949169772958,1.5,5.0,8.5,42.5,235.9749999999999,594.5,0,0.0,1,0.016943409013893594,54,0.9149440867502542,False,0.016943409013893594
lucknow_lcs,Lucknow,LCS,81432147068,Badal Khera,hourly,6057,69.14383561643835,0,0.0,0,0.0,59.0953855043751,1.25,5.25,9.0,38.25,169.0,541.25,0,0.0,1,0.01650982334489021,45,0.7429420505200595,False,0.01650982334489021
dhaka_lcs,Dhaka,LCS,81432151055,"61. Mugda, GMT",hourly,7632,87.12328767123287,0,0.0,0,0.0,62.3591784591195,1.75,4.0,6.0,36.125,196.0,1483.5,0,0.0,1,0.01310272536687631,184,2.410901467505241,False,0.01310272536687631
lucknow_lcs,Lucknow,LCS,81432147008,CMS_Kanpur Road,hourly,7813,89.18949771689498,0,0.0,0,0.0,63.38659925764751,1.5,5.0,9.0,39.666666666666664,187.5,750.25,0,0.0,1,0.012799180852425445,64,0.8191475745552285,False,0.012799180852425445
dhaka_lcs,Dhaka,LCS,81432151010,"42. Nakhalpara, bonoful ",hourly,7708,87.99086757990868,0,0.0,0,0.0,56.28386092371562,2.25,5.25,8.0,35.0,166.5,1816.6666666666667,0,0.0,0,0.0,53,0.6875973015049299,False,0.0
dhaka_lcs,Dhaka,LCS,81432151048,33. DU Club,hourly,6848,78.17351598173516,0,0.0,0,0.0,48.220465829439256,2.0,5.0,8.0,32.25,132.9124999999999,1567.5,0,0.0,0,0.0,61,0.8907710280373832,False,0.0
dhaka_lcs,Dhaka,LCS,81432151051,40. Anondo Bazar,hourly,8088,92.32876712328768,0,0.0,0,0.0,60.9290615727003,3.0,5.5,8.587500000000006,37.875,174.7208333333333,1815.3333333333333,0,0.0,0,0.0,35,0.43273986152324434,False,0.0
dhaka_lcs,Dhaka,LCS,81432151066,41. Banani ,hourly,7014,80.06849315068493,0,0.0,0,0.0,60.751853435985176,2.0,4.25,7.0,40.25,172.17499999999973,1693.25,0,0.0,0,0.0,109,1.5540347875677216,False,0.0
dhaka_lcs,Dhaka,LCS,81432151074,46. Maniknagar,hourly,7417,84.6689497716895,0,0.0,0,0.0,55.16479034650128,2.0,5.25,8.0,37.5,153.54999999999995,1716.0,0,0.0,0,0.0,50,0.6741270055278414,False,0.0
lucknow_lcs,Lucknow,LCS,81432144016,Lohiya college,hourly,783,8.938356164383562,0,0.0,0,0.0,42.5460834397616,7.5,8.75,12.025,36.0,91.725,276.0,0,0.0,0,0.0,0,0.0,False,0.0
lucknow_lcs,Lucknow,LCS,81432147039,Nagram,hourly,2593,29.600456621004565,0,0.0,0,0.0,100.9872091528474,3.6666666666666665,5.98,11.5,61.5,307.1,1211.3333333333333,0,0.0,0,0.0,16,0.6170458927882762,False,0.0
lucknow_lcs,Lucknow,LCS,81432147040,"Amethi, jagdishpur",hourly,7201,82.20319634703196,0,0.0,0,0.0,83.49762764430866,2.0,6.5,11.25,47.5,254.5,1009.75,0,0.0,0,0.0,16,0.22219136231079017,False,0.0
lucknow_lcs,Lucknow,LCS,81432147056,Rajajipuram-II,hourly,396,4.52054794520548,0,0.0,0,0.0,45.11174242424242,10.75,12.220833333333333,14.25,40.5,102.8125,225.25,0,0.0,0,0.0,0,0.0,False,0.0
lucknow_lcs,Lucknow,LCS,81432147064,Rajajipuram-I,hourly,5434,62.03196347031963,0,0.0,0,0.0,51.42511655011655,2.25,5.0,8.0,35.25,141.25,375.75,0,0.0,0,0.0,50,0.9201324990798675,False,0.0
chicago_lcs_corrected_no_collocation,Chicago,LCS corrected,DACZY2913,Rogers Park 2,official_daily,240,99.17355371900827,0,0.0,0,0.0,10.583291666666666,3.46,3.9074999999999998,4.547,9.315,21.489499999999992,29.73,0,0.0,0,0.0,25,10.416666666666666,False,0.0
chicago_lcs_corrected_no_collocation,Chicago,LCS corrected,DAETQ5676,Montclare 2,official_daily,241,99.58677685950413,0,0.0,0,0.0,11.119211618257264,3.19,3.59,4.51,9.93,21.99,28.84,0,0.0,0,0.0,22,9.12863070539419,False,0.0
chicago_lcs_corrected_no_collocation,Chicago,LCS corrected,DAHAJ0678,Ashburn 1,official_daily,241,99.58677685950413,0,0.0,0,0.0,10.802157676348546,3.42,4.206,4.81,9.38,22.06,28.07,0,0.0,0,0.0,19,7.8838174273858925,False,0.0
chicago_lcs_corrected_no_collocation,Chicago,LCS corrected,DAHWZ2321,Albany Park 2,official_daily,241,99.58677685950413,0,0.0,0,0.0,11.316058091286308,3.49,4.084,4.7,9.62,23.5,30.25,0,0.0,0,0.0,15,6.224066390041494,False,0.0
chicago_lcs_corrected_no_collocation,Chicago,LCS corrected,DAJHM7956,South Chicago 3,official_daily,241,99.58677685950413,0,0.0,0,0.0,10.89414937759336,3.31,3.5220000000000002,4.28,9.75,22.96,28.81,0,0.0,0,0.0,30,12.448132780082988,False,0.0
chicago_lcs_corrected_no_collocation,Chicago,LCS corrected,DALBP5360,Beverly 4,official_daily,241,99.58677685950413,0,0.0,0,0.0,9.552199170124481,2.75,3.272,4.02,8.27,18.94,25.69,0,0.0,0,0.0,38,15.767634854771785,False,0.0
chicago_lcs_corrected_no_collocation,Chicago,LCS corrected,DALUY0194,Near North Side 2,official_daily,241,99.58677685950413,0,0.0,0,0.0,10.76966804979253,3.66,4.186,4.67,9.32,23.42,30.2,0,0.0,0,0.0,19,7.8838174273858925,False,0.0
chicago_lcs_corrected_no_collocation,Chicago,LCS corrected,DAMWS8859,North Lawndale 2,official_daily,241,99.58677685950413,0,0.0,0,0.0,11.49564315352697,3.74,4.182,5.0,10.16,22.63,28.52,0,0.0,0,0.0,12,4.979253112033195,False,0.0
chicago_lcs_corrected_no_collocation,Chicago,LCS corrected,DAPBK7657,South Lawndale 2,official_daily,241,99.58677685950413,0,0.0,0,0.0,10.983817427385892,3.34,3.8160000000000003,5.03,9.82,22.17,27.1,0,0.0,0,0.0,12,4.979253112033195,False,0.0
chicago_lcs_corrected_no_collocation,Chicago,LCS corrected,DAPJK7781,Near West Side 2,official_daily,241,99.58677685950413,0,0.0,0,0.0,9.656680497925311,2.91,3.388,4.14,8.58,19.61,25.07,0,0.0,0,0.0,31,12.863070539419088,False,0.0
chicago_lcs_corrected_no_collocation,Chicago,LCS corrected,DAREG6245,Lake View 5,official_daily,241,99.58677685950413,0,0.0,0,0.0,10.34427385892116,3.29,3.66,4.38,8.84,21.96,28.93,0,0.0,0,0.0,26,10.78838174273859,False,0.0
chicago_lcs_corrected_no_collocation,Chicago,LCS corrected,DARLP7776,Armour Square 2,official_daily,241,99.58677685950413,0,0.0,0,0.0,10.834273858921161,3.25,3.5100000000000002,4.52,9.54,22.84,29.44,0,0.0,0,0.0,26,10.78838174273859,False,0.0
chicago_lcs_corrected_no_collocation,Chicago,LCS corrected,DATLR2184,Brighton Park 1,official_daily,241,99.58677685950413,0,0.0,0,0.0,11.652904564315355,3.82,4.498,4.96,10.38,24.01,29.46,0,0.0,0,0.0,14,5.809128630705394,False,0.0
chicago_lcs_corrected_no_collocation,Chicago,LCS corrected,DAUPG9028,Portage Park 2,official_daily,241,99.58677685950413,0,0.0,0,0.0,10.909751037344398,3.27,3.8419999999999996,4.52,9.58,22.33,28.99,0,0.0,0,0.0,24,9.95850622406639,False,0.0
chicago_lcs_corrected_no_collocation,Chicago,LCS corrected,DAWAP1896,Greater Grand Crossing 5,official_daily,241,99.58677685950413,0,0.0,0,0.0,10.098921161825727,3.16,3.602,4.48,8.96,20.73,26.87,0,0.0,0,0.0,31,12.863070539419088,False,0.0
chicago_lcs_corrected_no_collocation,Chicago,LCS corrected,DAWUS6556,Ashburn 5,official_daily,241,99.58677685950413,0,0.0,0,0.0,10.147593360995849,3.37,3.604,4.35,8.85,20.36,25.8,0,0.0,0,0.0,29,12.033195020746888,False,0.0
chicago_lcs_corrected_no_collocation,Chicago,LCS corrected,DAYYE9472,Hyde Park 3,official_daily,241,99.58677685950413,0,0.0,0,0.0,10.343609958506223,3.46,3.822,4.53,8.99,21.28,27.93,0,0.0,0,0.0,28,11.618257261410788,False,0.0
chicago_lcs_corrected_no_collocation,Chicago,LCS corrected,DBCBA3610,Austin 5,official_daily,241,99.58677685950413,0,0.0,0,0.0,10.743278008298756,3.24,3.58,4.38,9.07,21.42,26.97,0,0.0,0,0.0,22,9.12863070539419,False,0.0
chicago_lcs_corrected_no_collocation,Chicago,LCS corrected,DBDBP2246,Greater Grand Crossing 4,official_daily,241,99.58677685950413,0,0.0,0,0.0,9.837302904564314,3.4,3.694,4.31,8.71,19.15,24.27,0,0.0,0,0.0,31,12.863070539419088,False,0.0
chicago_lcs_corrected_no_collocation,Chicago,LCS corrected,DBDSX9338,South Shore 2,official_daily,241,99.58677685950413,0,0.0,0,0.0,10.955809128630706,3.59,3.996,4.55,9.49,23.15,31.37,0,0.0,0,0.0,26,10.78838174273859,False,0.0
chicago_lcs_corrected_no_collocation,Chicago,LCS corrected,DBFUZ7169,South Chicago 4,official_daily,241,99.58677685950413,0,0.0,0,0.0,10.963443983402488,3.47,3.85,4.71,9.82,22.56,28.67,0,0.0,0,0.0,22,9.12863070539419,False,0.0
chicago_lcs_corrected_no_collocation,Chicago,LCS corrected,DBIRF2035,Gage Park 4,official_daily,241,99.58677685950413,0,0.0,0,0.0,12.534107883817429,3.81,4.51,5.34,11.58,23.62,30.15,0,0.0,0,0.0,5,2.074688796680498,False,0.0
chicago_lcs_corrected_no_collocation,Chicago,LCS corrected,DBIZF0451,West Pullman 2,official_daily,237,97.93388429752066,0,0.0,0,0.0,11.179409282700421,3.06,3.5416000000000003,4.45,10.35,21.243999999999996,28.09,0,0.0,0,0.0,20,8.438818565400844,False,0.0
chicago_lcs_corrected_no_collocation,Chicago,LCS corrected,DBJPV1452,Irving Park 2,official_daily,241,99.58677685950413,0,0.0,0,0.0,11.822614107883817,3.51,3.92,4.72,10.23,24.71,31.72,0,0.0,0,0.0,20,8.298755186721992,False,0.0
chicago_lcs_corrected_no_collocation,Chicago,LCS corrected,DBLXJ4454,New City 5,official_daily,241,99.58677685950413,0,0.0,0,0.0,11.08232365145228,3.24,3.5780000000000003,4.51,9.71,22.13,28.95,0,0.0,0,0.0,26,10.78838174273859,False,0.0
chicago_lcs_corrected_no_collocation,Chicago,LCS corrected,DBMHJ0743,Archer Heights 4,official_daily,241,99.58677685950413,0,0.0,0,0.0,9.910290456431536,3.47,3.68,4.33,8.99,19.37,24.73,0,0.0,0,0.0,26,10.78838174273859,False,0.0
chicago_lcs_corrected_no_collocation,Chicago,LCS corrected,DBTKW5792,Austin 8,official_daily,241,99.58677685950413,0,0.0,0,0.0,10.484896265560165,2.9,3.336,4.17,8.98,20.31,27.2,0,0.0,0,0.0,31,12.863070539419088,False,0.0
chicago_lcs_corrected_no_collocation,Chicago,LCS corrected,DBYCW6873,Norwood Park 4,official_daily,241,99.58677685950413,0,0.0,0,0.0,9.810622406639002,2.7,3.2619999999999996,3.93,8.45,19.54,27.65,0,0.0,0,0.0,35,14.522821576763485,False,0.0
chicago_lcs_corrected_no_collocation,Chicago,LCS corrected,DBZCJ6205,Auburn Gresham 3,official_daily,240,99.17355371900827,0,0.0,0,0.0,11.823749999999999,4.24,5.0178,5.508,10.39,22.7115,29.33,0,0.0,0,0.0,2,0.8333333333333334,False,0.0
chicago_lcs_corrected_no_collocation,Chicago,LCS corrected,DCABM0358,South Lawndale 6,official_daily,241,99.58677685950413,0,0.0,0,0.0,12.080539419087136,3.75,4.148,5.16,10.63,25.47,31.08,0,0.0,0,0.0,11,4.564315352697095,False,0.0
chicago_lcs_corrected_no_collocation,Chicago,LCS corrected,DCAFN1583,South Lawndale 5,official_daily,241,99.58677685950413,0,0.0,0,0.0,11.621327800829874,3.93,4.126,4.84,10.44,22.57,28.52,0,0.0,0,0.0,14,5.809128630705394,False,0.0
chicago_lcs_corrected_no_collocation,Chicago,LCS corrected,DCFVE7122,New City 3,official_daily,241,99.58677685950413,0,0.0,0,0.0,12.364107883817427,3.97,4.934,5.6,11.26,23.44,30.45,0,0.0,0,0.0,5,2.074688796680498,False,0.0
chicago_lcs_corrected_no_collocation,Chicago,LCS corrected,DCHTB8281,Morgan Park 2,official_daily,241,99.58677685950413,0,0.0,0,0.0,10.41804979253112,3.13,3.66,4.53,9.38,19.91,26.42,0,0.0,0,0.0,22,9.12863070539419,False,0.0
chicago_lcs_corrected_no_collocation,Chicago,LCS corrected,DCIJQ7018,West Ridge 6,official_daily,241,99.58677685950413,0,0.0,0,0.0,10.391327800829876,3.28,3.5060000000000002,4.27,8.96,22.07,29.35,0,0.0,0,0.0,32,13.278008298755188,False,0.0
chicago_lcs_corrected_no_collocation,Chicago,LCS corrected,DCIRD2804,Near South Side 1,official_daily,241,99.58677685950413,0,0.0,0,0.0,9.528215767634855,3.11,3.322,4.06,8.36,19.61,25.61,0,0.0,0,0.0,39,16.182572614107883,False,0.0
chicago_lcs_corrected_no_collocation,Chicago,LCS corrected,DCQTB2627,Jefferson Park 2,official_daily,241,99.58677685950413,0,0.0,0,0.0,10.5151867219917,2.97,3.564,4.26,9.15,21.51,29.53,0,0.0,0,0.0,28,11.618257261410788,False,0.0
chicago_lcs_corrected_no_collocation,Chicago,LCS corrected,DCRJT8545,Greater Grand Crossing 6,official_daily,240,99.17355371900827,0,0.0,0,0.0,11.139541666666666,3.4,4.0212,4.8095,10.024999999999999,21.286499999999993,28.6,0,0.0,0,0.0,16,6.666666666666667,False,0.0
chicago_lcs_corrected_no_collocation,Chicago,LCS corrected,DCYXM8877,Dunning 1,official_daily,241,99.58677685950413,0,0.0,0,0.0,11.206390041493774,3.56,3.914,4.55,9.76,22.56,29.97,0,0.0,0,0.0,22,9.12863070539419,False,0.0
chicago_lcs_corrected_no_collocation,Chicago,LCS corrected,DCZQF3538,Lower West Side 2,official_daily,241,99.58677685950413,0,0.0,0,0.0,11.319792531120333,2.98,3.6079999999999997,4.65,10.03,23.78,29.38,0,0.0,0,0.0,18,7.468879668049793,False,0.0
chicago_lcs_corrected_no_collocation,Chicago,LCS corrected,DDCVA2276,Forest Glen 2,official_daily,241,99.58677685950413,0,0.0,0,0.0,8.944564315352697,2.56,3.0220000000000002,3.78,7.93,18.1,25.25,0,0.0,0,0.0,51,21.16182572614108,False,0.0
chicago_lcs_corrected_no_collocation,Chicago,LCS corrected,DDGFW8206,Englewood 3,official_daily,241,99.58677685950413,0,0.0,0,0.0,9.783858921161825,2.83,3.2800000000000002,4.14,8.78,20.44,26.26,0,0.0,0,0.0,41,17.012448132780083,False,0.0
chicago_lcs_corrected_no_collocation,Chicago,LCS corrected,DDGHI0125,Belmont Cragin 3,official_daily,241,99.58677685950413,0,0.0,0,0.0,10.391161825726138,2.91,3.2680000000000002,3.95,9.02,20.47,27.5,0,0.0,0,0.0,29,12.033195020746888,False,0.0
chicago_lcs_corrected_no_collocation,Chicago,LCS corrected,DDHVZ6546,Near West Side 5,official_daily,241,99.58677685950413,0,0.0,0,0.0,10.529875518672199,3.15,3.458,4.32,9.17,20.78,27.59,0,0.0,0,0.0,29,12.033195020746888,False,0.0
chicago_lcs_corrected_no_collocation,Chicago,LCS corrected,DDLSL3066,West Town 2,official_daily,241,99.58677685950413,0,0.0,0,0.0,11.77278008298755,3.71,4.194,4.91,10.15,24.89,31.51,0,0.0,0,0.0,13,5.394190871369295,False,0.0
chicago_lcs_corrected_no_collocation,Chicago,LCS corrected,DDQNT6485,Armour Square 1,official_daily,241,99.58677685950413,0,0.0,0,0.0,10.788464730290459,3.35,3.8579999999999997,4.75,9.31,22.17,28.76,0,0.0,0,0.0,18,7.468879668049793,False,0.0
chicago_lcs_corrected_no_collocation,Chicago,LCS corrected,DDVZB7943,Hyde Park 2,official_daily,161,66.52892561983471,0,0.0,0,0.0,8.682857142857143,3.19,3.348,3.92,7.75,17.49,23.62,0,0.0,0,0.0,30,18.633540372670808,False,0.0
chicago_lcs_corrected_no_collocation,Chicago,LCS corrected,DDZMI3291,Lower West Side 5,official_daily,241,99.58677685950413,0,0.0,0,0.0,10.8701244813278,3.09,3.5519999999999996,4.54,9.83,22.15,27.68,0,0.0,0,0.0,22,9.12863070539419,False,0.0
chicago_lcs_corrected_no_collocation,Chicago,LCS corrected,DEIDA3268,Near North Side 1,official_daily,241,99.58677685950413,0,0.0,0,0.0,10.7651867219917,3.66,4.086,4.67,9.35,22.59,28.99,0,0.0,0,0.0,21,8.71369294605809,False,0.0
chicago_lcs_corrected_no_collocation,Chicago,LCS corrected,DEJMD2536,O'Hare 1,official_daily,241,99.58677685950413,0,0.0,0,0.0,9.962033195020746,3.22,3.5380000000000003,4.11,8.55,20.02,27.31,0,0.0,0,0.0,35,14.522821576763485,False,0.0
chicago_lcs_corrected_no_collocation,Chicago,LCS corrected,DEPLW3142,Greater Grand Crossing 3,official_daily,241,99.58677685950413,0,0.0,0,0.0,11.596141078838174,3.8,4.140000000000001,4.92,10.22,23.87,30.23,0,0.0,0,0.0,15,6.224066390041494,False,0.0
chicago_lcs_corrected_no_collocation,Chicago,LCS corrected,DERZJ4600,Rogers Park 1,official_daily,241,99.58677685950413,0,0.0,0,0.0,10.998008298755186,3.4,3.686,4.59,9.42,24.0,32.39,0,0.0,0,0.0,25,10.37344398340249,False,0.0
chicago_lcs_corrected_no_collocation,Chicago,LCS corrected,DEVFQ3796,Austin 3,official_daily,241,99.58677685950413,0,0.0,0,0.0,11.834356846473028,3.59,4.094,4.65,9.97,24.02,31.15,0,0.0,0,0.0,15,6.224066390041494,False,0.0
chicago_lcs_corrected_no_collocation,Chicago,LCS corrected,DEWGT8066,Portage Park 3,official_daily,167,69.00826446280992,0,0.0,0,0.0,12.56556886227545,4.03,4.4182,5.332,11.29,23.301,29.45,0,0.0,0,0.0,7,4.191616766467066,False,0.0
chicago_lcs_corrected_no_collocation,Chicago,LCS corrected,DEYGE9157,South Deering 10,official_daily,146,60.33057851239669,0,0.0,0,0.0,8.781027397260274,2.06,3.1395,3.9825,7.960000000000001,17.1975,26.47,0,0.0,0,0.0,29,19.863013698630137,False,0.0
chicago_lcs_corrected_no_collocation,Chicago,LCS corrected,DFAKZ8204,New City 4,official_daily,241,99.58677685950413,0,0.0,0,0.0,10.905809128630706,3.08,3.862,4.57,9.61,21.3,27.8,0,0.0,0,0.0,22,9.12863070539419,False,0.0
chicago_lcs_corrected_no_collocation,Chicago,LCS corrected,DFAQM2360,Englewood 1,official_daily,241,99.58677685950413,0,0.0,0,0.0,10.700290456431537,3.32,3.5500000000000003,4.48,9.55,22.02,27.66,0,0.0,0,0.0,27,11.203319502074688,False,0.0
chicago_lcs_corrected_no_collocation,Chicago,LCS corrected,DFCTF9310,Washington Heights 4,official_daily,241,99.58677685950413,0,0.0,0,0.0,9.759211618257261,2.86,3.29,4.09,8.79,19.47,24.7,0,0.0,0,0.0,37,15.352697095435685,False,0.0
chicago_lcs_corrected_no_collocation,Chicago,LCS corrected,DFDFU1164,Lower West Side 1,official_daily,241,99.58677685950413,0,0.0,0,0.0,11.18643153526971,3.67,4.33,4.78,9.9,21.54,27.49,0,0.0,0,0.0,16,6.639004149377594,False,0.0
chicago_lcs_corrected_no_collocation,Chicago,LCS corrected,DFDVG9143,Pullman 3,official_daily,241,99.58677685950413,0,0.0,0,0.0,10.458672199170124,3.13,3.616,4.34,9.18,21.39,27.79,0,0.0,0,0.0,26,10.78838174273859,False,0.0
chicago_lcs_corrected_no_collocation,Chicago,LCS corrected,DFEAJ0038,Hegewisch 2,official_daily,227,93.80165289256199,0,0.0,0,0.0,11.235374449339206,3.69,3.7642,4.680000000000001,10.01,22.587999999999997,28.91,0,0.0,0,0.0,21,9.251101321585903,False,0.0
chicago_lcs_corrected_no_collocation,Chicago,LCS corrected,DFESS1920,Chicago Lawn 4,official_daily,241,99.58677685950413,0,0.0,0,0.0,9.763402489626555,3.11,3.452,4.21,8.68,19.23,25.79,0,0.0,0,0.0,29,12.033195020746888,False,0.0
chicago_lcs_corrected_no_collocation,Chicago,LCS corrected,DFFDA0268,Near West Side 3,official_daily,241,99.58677685950413,0,0.0,0,0.0,10.105809128630705,3.08,3.596,4.39,8.94,19.77,26.41,0,0.0,0,0.0,25,10.37344398340249,False,0.0
chicago_lcs_corrected_no_collocation,Chicago,LCS corrected,DFIBC1899,South Deering 7,official_daily,180,74.3801652892562,0,0.0,0,0.0,11.075,4.06,4.455,4.973000000000001,10.015,21.24499999999999,27.22,0,0.0,0,0.0,10,5.555555555555555,False,0.0
chicago_lcs_corrected_no_collocation,Chicago,LCS corrected,DFIRX1818,Pullman 4,official_daily,241,99.58677685950413,0,0.0,0,0.0,12.001535269709542,4.03,4.482,5.6,10.97,23.04,28.71,0,0.0,0,0.0,6,2.4896265560165975,False,0.0
chicago_lcs_corrected_no_collocation,Chicago,LCS corrected,DFKYH6865,Morgan Park 1,official_daily,241,99.58677685950413,0,0.0,0,0.0,11.154356846473028,3.51,4.126,5.02,9.43,22.71,30.17,0,0.0,0,0.0,12,4.979253112033195,False,0.0
chicago_lcs_corrected_no_collocation,Chicago,LCS corrected,DFKYP0941,Lincoln Park 2,official_daily,241,99.58677685950413,0,0.0,0,0.0,8.873900414937758,2.5,3.15,3.64,7.64,18.54,25.82,0,0.0,0,0.0,50,20.74688796680498,False,0.0
chicago_lcs_corrected_no_collocation,Chicago,LCS corrected,DFMDU1576,Greater Grand Crossing 1,official_daily,241,99.58677685950413,0,0.0,0,0.0,11.550995850622407,3.6,4.032,4.93,10.16,24.3,30.52,0,0.0,0,0.0,16,6.639004149377594,False,0.0
chicago_lcs_corrected_no_collocation,Chicago,LCS corrected,DFNBI6922,Mount Greenwood 2,official_daily,241,99.58677685950413,0,0.0,0,0.0,10.186224066390041,3.0,3.396,4.34,8.9,19.7,27.81,0,0.0,0,0.0,29,12.033195020746888,False,0.0
chicago_lcs_corrected_no_collocation,Chicago,LCS corrected,DFQDK6326,Beverly 1,official_daily,181,74.79338842975207,0,0.0,0,0.0,11.849337016574585,3.64,4.068,4.77,10.44,23.03,29.95,0,0.0,0,0.0,13,7.18232044198895,False,0.0
chicago_lcs_corrected_no_collocation,Chicago,LCS corrected,DFRKF1779,Norwood Park 2,official_daily,241,99.58677685950413,0,0.0,0,0.0,11.913609958506225,3.5,3.9699999999999998,4.55,10.38,24.84,32.24,0,0.0,0,0.0,18,7.468879668049793,False,0.0
chicago_lcs_corrected_no_collocation,Chicago,LCS corrected,DFRSA4000,Near North Side 3,official_daily,237,97.93388429752066,0,0.0,0,0.0,9.826413502109705,3.02,3.5675999999999997,4.186,8.53,19.71999999999998,26.93,0,0.0,0,0.0,29,12.236286919831224,False,0.0
chicago_lcs_corrected_no_collocation,Chicago,LCS corrected,DFVRF7063,Austin 2,official_daily,241,99.58677685950413,0,0.0,0,0.0,10.198755186721991,2.98,3.366,4.31,8.81,20.35,26.53,0,0.0,0,0.0,28,11.618257261410788,False,0.0
chicago_lcs_corrected_no_collocation,Chicago,LCS corrected,DGAID0757,Belmont Cragin 4,official_daily,241,99.58677685950413,0,0.0,0,0.0,9.87630705394191,3.12,3.662,4.3,8.74,19.84,25.09,0,0.0,0,0.0,26,10.78838174273859,False,0.0
chicago_lcs_corrected_no_collocation,Chicago,LCS corrected,DGDNA0617,Edison Park 2,official_daily,241,99.58677685950413,0,0.0,0,0.0,11.481120331950207,3.32,3.7560000000000002,4.59,9.89,23.36,31.34,0,0.0,0,0.0,19,7.8838174273858925,False,0.0
chicago_lcs_corrected_no_collocation,Chicago,LCS corrected,DGGGM0466,Bridgeport 1,official_daily,238,98.34710743801652,0,0.0,0,0.0,10.228151260504202,2.88,3.4192,4.3525,9.03,20.294999999999998,26.5,0,0.0,0,0.0,26,10.92436974789916,False,0.0
chicago_lcs_corrected_no_collocation,Chicago,LCS corrected,DGHRH9009,Gage Park 1,official_daily,241,99.58677685950413,0,0.0,0,0.0,7.447551867219918,2.66,2.964,3.6,6.66,13.78,16.88,0,0.0,0,0.0,71,29.46058091286307,False,0.0
chicago_lcs_corrected_no_collocation,Chicago,LCS corrected,DGKDK3415,Irving Park 4,official_daily,241,99.58677685950413,0,0.0,0,0.0,10.415103734439834,2.92,3.278,4.02,9.04,20.57,28.0,0,0.0,0,0.0,33,13.692946058091286,False,0.0
chicago_lcs_corrected_no_collocation,Chicago,LCS corrected,DGRCH4426,West Ridge 3,official_daily,241,99.58677685950413,0,0.0,0,0.0,9.459460580912863,2.75,3.15,3.88,8.24,19.5,26.89,0,0.0,0,0.0,39,16.182572614107883,False,0.0
chicago_lcs_corrected_no_collocation,Chicago,LCS corrected,DGRSB4646,Belmont Cragin 1,official_daily,241,99.58677685950413,0,0.0,0,0.0,10.518381742738589,3.24,3.6799999999999997,4.32,9.23,20.27,27.3,0,0.0,0,0.0,25,10.37344398340249,False,0.0
chicago_lcs_corrected_no_collocation,Chicago,LCS corrected,DGTDZ6242,Forest Glen 3,official_daily,240,99.17355371900827,0,0.0,0,0.0,10.70341666666667,3.25,3.5585,4.359,9.425,21.894499999999994,29.33,0,0.0,0,0.0,28,11.666666666666666,False,0.0
chicago_lcs_corrected_no_collocation,Chicago,LCS corrected,DGTGR9009,South Deering 3,official_daily,241,99.58677685950413,0,0.0,0,0.0,10.368381742738588,3.11,3.862,4.52,9.17,21.12,27.16,0,0.0,0,0.0,31,12.863070539419088,False,0.0
chicago_lcs_corrected_no_collocation,Chicago,LCS corrected,DGZGL5338,Clearing 2,official_daily,231,95.45454545454545,0,0.0,0,0.0,11.24904761904762,3.81,4.54,4.865,10.22,22.02,27.99,0,0.0,0,0.0,16,6.926406926406926,False,0.0
chicago_lcs_corrected_no_collocation,Chicago,LCS corrected,DGZUS1041,East Side 1,official_daily,241,99.58677685950413,0,0.0,0,0.0,10.382614107883818,3.22,3.46,4.14,9.32,20.63,26.12,0,0.0,0,0.0,30,12.448132780082988,False,0.0
chicago_lcs_corrected_no_collocation,Chicago,LCS corrected,DHBBM8531,Garfield Ridge 1,official_daily,234,96.69421487603306,0,0.0,0,0.0,11.028376068376069,3.35,3.9796,4.5315,9.64,21.755999999999997,29.1,0,0.0,0,0.0,22,9.401709401709402,False,0.0
chicago_lcs_corrected_no_collocation,Chicago,LCS corrected,DHCXV0760,West Garfield Park 1,official_daily,205,84.7107438016529,0,0.0,0,0.0,10.821951219512195,3.02,3.504,4.328,9.63,21.265999999999995,27.76,0,0.0,0,0.0,20,9.75609756097561,False,0.0
chicago_lcs_corrected_no_collocation,Chicago,LCS corrected,DHIBT9527,Near West Side 7,official_daily,241,99.58677685950413,0,0.0,0,0.0,10.934273858921161,3.0,3.474,4.32,9.54,22.56,27.88,0,0.0,0,0.0,25,10.37344398340249,False,0.0
chicago_lcs_corrected_no_collocation,Chicago,LCS corrected,DHJUH1119,Dunning 4,official_daily,241,99.58677685950413,0,0.0,0,0.0,10.280912863070538,2.67,3.304,4.0,8.57,21.26,27.57,0,0.0,0,0.0,36,14.937759336099585,False,0.0
chicago_lcs_corrected_no_collocation,Chicago,LCS corrected,DHNQG0980,Irving Park 1,official_daily,241,99.58677685950413,0,0.0,0,0.0,10.039958506224067,2.9,3.404,4.03,8.92,20.55,27.2,0,0.0,0,0.0,32,13.278008298755188,False,0.0
chicago_lcs_corrected_no_collocation,Chicago,LCS corrected,DHQVH8975,Near West Side 6,official_daily,241,99.58677685950413,0,0.0,0,0.0,10.809958506224065,3.03,3.42,4.29,9.69,22.42,27.67,0,0.0,0,0.0,26,10.78838174273859,False,0.0
chicago_lcs_corrected_no_collocation,Chicago,LCS corrected,DHSIJ5379,Washington Heights 1,official_daily,241,99.58677685950413,0,0.0,0,0.0,11.103817427385891,3.4,3.972,4.7,9.7,23.24,30.92,0,0.0,0,0.0,19,7.8838174273858925,False,0.0
chicago_lcs_corrected_no_collocation,Chicago,LCS corrected,DHUBD2135,Norwood Park 3,official_daily,241,99.58677685950413,0,0.0,0,0.0,9.917717842323652,3.08,3.332,4.19,8.8,19.5,27.35,0,0.0,0,0.0,30,12.448132780082988,False,0.0
chicago_lcs_corrected_no_collocation,Chicago,LCS corrected,DHWLS6819,West Pullman 5,official_daily,241,99.58677685950413,0,0.0,0,0.0,10.328713692946058,3.03,3.426,4.25,9.21,20.04,24.59,0,0.0,0,0.0,28,11.618257261410788,False,0.0
chicago_lcs_corrected_no_collocation,Chicago,LCS corrected,DHZTI7858,Pullman 1,official_daily,241,99.58677685950413,0,0.0,0,0.0,10.110497925311202,2.95,3.402,4.2,9.12,19.97,26.5,0,0.0,0,0.0,32,13.278008298755188,False,0.0
chicago_lcs_corrected_no_collocation,Chicago,LCS corrected,DIBVR6629,Beverly 2,official_daily,241,99.58677685950413,0,0.0,0,0.0,9.959253112033194,3.2,3.414,4.29,8.9,19.99,24.93,0,0.0,0,0.0,31,12.863070539419088,False,0.0
chicago_lcs_corrected_no_collocation,Chicago,LCS corrected,DICQL6656,Albany Park 3,official_daily,241,99.58677685950413,0,0.0,0,0.0,11.178132780082988,3.17,3.566,4.32,9.92,23.41,30.07,0,0.0,0,0.0,22,9.12863070539419,False,0.0
chicago_lcs_corrected_no_collocation,Chicago,LCS corrected,DIEET8865,Hyde Park 4,official_daily,241,99.58677685950413,0,0.0,0,0.0,9.895186721991701,3.37,3.874,4.35,8.43,21.3,28.45,0,0.0,0,0.0,34,14.107883817427386,False,0.0
chicago_lcs_corrected_no_collocation,Chicago,LCS corrected,DIFIV9884,Dunning 3,official_daily,241,99.58677685950413,0,0.0,0,0.0,11.013568464730291,3.42,3.8,4.43,9.52,22.32,30.04,0,0.0,0,0.0,24,9.95850622406639,False,0.0
chicago_lcs_corrected_no_collocation,Chicago,LCS corrected,DIFPQ7419,Avondale 2,official_daily,241,99.58677685950413,0,0.0,0,0.0,9.138215767634854,2.94,3.198,4.0,7.8,18.5,25.63,0,0.0,0,0.0,39,16.182572614107883,False,0.0
chicago_lcs_corrected_no_collocation,Chicago,LCS corrected,DIHMX0551,Humboldt Park 3,official_daily,241,99.58677685950413,0,0.0,0,0.0,11.376265560165974,3.6,4.0600000000000005,4.61,9.98,23.59,29.81,0,0.0,0,0.0,15,6.224066390041494,False,0.0
chicago_lcs_corrected_no_collocation,Chicago,LCS corrected,DIIPF3878,Edgewater 2,official_daily,241,99.58677685950413,0,0.0,0,0.0,9.680871369294607,3.03,3.204,4.08,8.09,19.9,31.21,0,0.0,0,0.0,34,14.107883817427386,False,0.0
chicago_lcs_corrected_no_collocation,Chicago,LCS corrected,DIQKT3554,Lincoln Park 1,official_daily,241,99.58677685950413,0,0.0,0,0.0,10.229834024896265,3.58,3.668,4.91,9.08,19.81,27.69,0,0.0,0,0.0,15,6.224066390041494,False,0.0
chicago_lcs_corrected_no_collocation,Chicago,LCS corrected,DIRJX6254,Greater Grand Crossing 2,official_daily,241,99.58677685950413,0,0.0,0,0.0,10.682240663900416,3.35,3.854,4.56,9.33,21.73,27.71,0,0.0,0,0.0,28,11.618257261410788,False,0.0
chicago_lcs_corrected_no_collocation,Chicago,LCS corrected,DITUM6528,Near West Side 1,official_daily,241,99.58677685950413,0,0.0,0,0.0,10.52688796680498,3.09,3.702,4.39,9.29,20.84,27.46,0,0.0,0,0.0,24,9.95850622406639,False,0.0
chicago_lcs_corrected_no_collocation,Chicago,LCS corrected,DITUY8368,West Ridge 5,official_daily,241,99.58677685950413,0,0.0,0,0.0,10.443112033195021,3.01,3.264,4.29,9.25,20.66,31.91,0,0.0,0,0.0,25,10.37344398340249,False,0.0
chicago_lcs_corrected_no_collocation,Chicago,LCS corrected,DIUDG6358,North Lawndale 5,official_daily,241,99.58677685950413,0,0.0,0,0.0,12.437385892116183,3.84,4.2379999999999995,5.24,11.22,23.94,29.63,0,0.0,0,0.0,8,3.319502074688797,False,0.0
chicago_lcs_corrected_no_collocation,Chicago,LCS corrected,DIUZJ7853,Garfield Ridge 2,official_daily,234,96.69421487603306,0,0.0,0,0.0,10.210085470085469,2.92,3.3813,4.2195,8.925,19.274,25.79,0,0.0,0,0.0,28,11.965811965811966,False,0.0
chicago_lcs_corrected_no_collocation,Chicago,LCS corrected,DIVZD0266,Archer Heights 1,official_daily,241,99.58677685950413,0,0.0,0,0.0,11.151618257261411,3.64,4.1659999999999995,4.82,9.94,22.48,29.15,0,0.0,0,0.0,15,6.224066390041494,False,0.0
chicago_lcs_corrected_no_collocation,Chicago,LCS corrected,DIWKR9442,West Lawn 4,official_daily,197,81.40495867768595,0,0.0,0,0.0,11.080964467005074,3.6,4.214799999999999,4.956,10.11,21.426,29.41,0,0.0,0,0.0,11,5.583756345177665,False,0.0
chicago_lcs_corrected_no_collocation,Chicago,LCS corrected,DIWYY0447,West Ridge 4,official_daily,241,99.58677685950413,0,0.0,0,0.0,9.709834024896267,2.89,3.25,3.99,8.5,19.73,28.15,0,0.0,0,0.0,33,13.692946058091286,False,0.0
chicago_lcs_corrected_no_collocation,Chicago,LCS corrected,DIXEX6164,Calumet Heights 1,official_daily,241,99.58677685950413,0,0.0,0,0.0,10.526348547717841,3.26,3.7520000000000002,4.44,9.53,21.14,25.66,0,0.0,0,0.0,30,12.448132780082988,False,0.0
chicago_lcs_corrected_no_collocation,Chicago,LCS corrected,DIXUN6634,Ashburn 3,official_daily,241,99.58677685950413,0,0.0,0,0.0,11.646680497925312,4.07,4.236,5.2,9.99,23.02,28.97,0,0.0,0,0.0,9,3.7344398340248963,False,0.0
chicago_lcs_corrected_no_collocation,Chicago,LCS corrected,DIZEF3591,West Pullman 3,official_daily,241,99.58677685950413,0,0.0,0,0.0,10.19265560165975,2.93,3.302,4.13,9.06,19.81,26.39,0,0.0,0,0.0,32,13.278008298755188,False,0.0
chicago_lcs_corrected_no_collocation,Chicago,LCS corrected,DJCYU2364,Douglas 2,official_daily,241,99.58677685950413,0,0.0,0,0.0,9.87298755186722,3.15,3.472,4.27,8.78,20.62,27.09,0,0.0,0,0.0,34,14.107883817427386,False,0.0
chicago_lcs_corrected_no_collocation,Chicago,LCS corrected,DJGDZ3688,Roseland 3,official_daily,241,99.58677685950413,0,0.0,0,0.0,10.728547717842323,3.4,3.964,4.77,9.22,21.62,28.61,0,0.0,0,0.0,20,8.298755186721992,False,0.0
chicago_lcs_corrected_no_collocation,Chicago,LCS corrected,DJHFB1439,South Deering 6,official_daily,241,99.58677685950413,0,0.0,0,0.0,11.56128630705394,3.88,4.505999999999999,5.29,10.62,21.92,27.83,0,0.0,0,0.0,10,4.149377593360996,False,0.0
chicago_lcs_corrected_no_collocation,Chicago,LCS corrected,DJIHM1001,West Town 1,official_daily,241,99.58677685950413,0,0.0,0,0.0,10.857759336099587,3.51,3.994,4.61,9.37,21.92,28.51,0,0.0,0,0.0,22,9.12863070539419,False,0.0
chicago_lcs_corrected_no_collocation,Chicago,LCS corrected,DJJVG1917,Edgewater 1,official_daily,241,99.58677685950413,0,0.0,0,0.0,10.729834024896267,3.51,3.79,4.52,9.27,22.3,30.1,0,0.0,0,0.0,22,9.12863070539419,False,0.0
chicago_lcs_corrected_no_collocation,Chicago,LCS corrected,DJJWX4142,South Lawndale 4,official_daily,58,23.96694214876033,0,0.0,0,0.0,8.616724137931033,3.68,3.7142000000000004,4.0195,7.66,16.816,21.87,0,0.0,0,0.0,10,17.24137931034483,False,0.0
chicago_lcs_corrected_no_collocation,Chicago,LCS corrected,DJKZD4256,Morgan Park 3,official_daily,241,99.58677685950413,0,0.0,0,0.0,7.72746887966805,2.78,3.036,3.61,6.95,15.09,21.72,0,0.0,0,0.0,59,24.481327800829874,False,0.0
chicago_lcs_corrected_no_collocation,Chicago,LCS corrected,DJSLY4013,South Lawndale 1,official_daily,241,99.58677685950413,0,0.0,0,0.0,11.45253112033195,3.44,3.968,4.79,10.19,23.59,28.09,0,0.0,0,0.0,17,7.053941908713693,False,0.0
chicago_lcs_corrected_no_collocation,Chicago,LCS corrected,DJWGZ0445,Grand Boulevard 1,official_daily,241,99.58677685950413,0,0.0,0,0.0,10.133692946058092,2.99,3.63,4.31,9.25,20.32,25.81,0,0.0,0,0.0,30,12.448132780082988,False,0.0
chicago_lcs_corrected_no_collocation,Chicago,LCS corrected,DKDJK5693,Roseland 1,official_daily,241,99.58677685950413,0,0.0,0,0.0,10.933568464730289,3.67,4.13,4.83,9.7,21.84,28.32,0,0.0,0,0.0,17,7.053941908713693,False,0.0
chicago_lcs_corrected_no_collocation,Chicago,LCS corrected,DKHYU9123,Clearing 3,official_daily,208,85.9504132231405,0,0.0,0,0.0,10.044663461538464,3.3,3.9933,4.474,9.01,18.93399999999999,26.1,0,0.0,0,0.0,20,9.615384615384615,False,0.0
chicago_lcs_corrected_no_collocation,Chicago,LCS corrected,DKIJX6114,Lincoln Square 1,official_daily,239,98.7603305785124,0,0.0,0,0.0,8.53907949790795,2.61,3.2176,3.77,7.39,16.768,25.18,0,0.0,0,0.0,49,20.502092050209207,False,0.0
chicago_lcs_corrected_no_collocation,Chicago,LCS corrected,DKISS7174,West Elsdon 2,official_daily,241,99.58677685950413,0,0.0,0,0.0,11.724149377593363,3.91,4.284,5.02,10.31,22.85,31.38,0,0.0,0,0.0,12,4.979253112033195,False,0.0
chicago_lcs_corrected_no_collocation,Chicago,LCS corrected,DKNMF4367,Oakland 1,official_daily,241,99.58677685950413,0,0.0,0,0.0,9.836099585062241,2.94,3.344,4.16,8.77,20.53,26.27,0,0.0,0,0.0,34,14.107883817427386,False,0.0
chicago_lcs_corrected_no_collocation,Chicago,LCS corrected,DKRXT7147,Roseland 4,official_daily,241,99.58677685950413,0,0.0,0,0.0,10.941784232365146,3.34,3.866,4.49,9.61,21.86,28.82,0,0.0,0,0.0,16,6.639004149377594,False,0.0
chicago_lcs_corrected_no_collocation,Chicago,LCS corrected,DKTWP2892,East Side 3,official_daily,241,99.58677685950413,0,0.0,0,0.0,9.431867219917011,2.92,3.536,4.17,8.34,18.85,24.69,0,0.0,0,0.0,43,17.842323651452283,False,0.0
chicago_lcs_corrected_no_collocation,Chicago,LCS corrected,DKUAZ4434,West Ridge 1,official_daily,241,99.58677685950413,0,0.0,0,0.0,9.601576763485479,2.56,3.0300000000000002,3.75,8.32,20.46,27.83,0,0.0,0,0.0,41,17.012448132780083,False,0.0
chicago_lcs_corrected_no_collocation,Chicago,LCS corrected,DKWDP4373,Lake View 4,official_daily,241,99.58677685950413,0,0.0,0,0.0,10.305767634854773,3.4,3.8360000000000003,4.52,9.07,21.31,28.41,0,0.0,0,0.0,20,8.298755186721992,False,0.0
chicago_lcs_corrected_no_collocation,Chicago,LCS corrected,DKXFR1580,Logan Square 4,official_daily,241,99.58677685950413,0,0.0,0,0.0,10.217095435684646,2.9,3.394,4.2,8.91,20.33,27.5,0,0.0,0,0.0,27,11.203319502074688,False,0.0
chicago_lcs_corrected_no_collocation,Chicago,LCS corrected,DLDVK7370,South Chicago 2,official_daily,241,99.58677685950413,0,0.0,0,0.0,9.852489626556016,3.26,3.476,4.28,8.78,19.52,24.62,0,0.0,0,0.0,34,14.107883817427386,False,0.0
chicago_lcs_corrected_no_collocation,Chicago,LCS corrected,DLFZU4679,West Englewood 2,official_daily,241,99.58677685950413,0,0.0,0,0.0,10.407842323651453,3.04,3.462,4.27,8.92,21.62,27.86,0,0.0,0,0.0,30,12.448132780082988,False,0.0
chicago_lcs_corrected_no_collocation,Chicago,LCS corrected,DLIKU5639,O'Hare 3,official_daily,241,99.58677685950413,0,0.0,0,0.0,9.631327800829874,2.96,3.222,3.92,8.33,18.93,25.85,0,0.0,0,0.0,33,13.692946058091286,False,0.0
chicago_lcs_corrected_no_collocation,Chicago,LCS corrected,DLJWW1620,Englewood 2,official_daily,241,99.58677685950413,0,0.0,0,0.0,10.788423236514523,3.76,4.054,4.77,9.67,22.01,27.86,0,0.0,0,0.0,18,7.468879668049793,False,0.0
chicago_lcs_corrected_no_collocation,Chicago,LCS corrected,DLNMW9381,Washington Heights 5,official_daily,241,99.58677685950413,0,0.0,0,0.0,10.23298755186722,3.18,3.4899999999999998,4.34,9.19,20.83,27.34,0,0.0,0,0.0,29,12.033195020746888,False,0.0
chicago_lcs_corrected_no_collocation,Chicago,LCS corrected,DLTCH1397,Woodlawn 2,official_daily,241,99.58677685950413,0,0.0,0,0.0,9.079170124481328,2.78,3.244,3.86,7.8,17.96,24.41,0,0.0,0,0.0,41,17.012448132780083,False,0.0
chicago_lcs_corrected_no_collocation,Chicago,LCS corrected,DLUKV4510,Calumet Heights 3,official_daily,241,99.58677685950413,0,0.0,0,0.0,10.44643153526971,2.97,3.478,4.25,9.09,21.28,27.15,0,0.0,0,0.0,32,13.278008298755188,False,0.0
chicago_lcs_corrected_no_collocation,Chicago,LCS corrected,DLVFF5341,Grand Boulevard 2,official_daily,241,99.58677685950413,0,0.0,0,0.0,10.069460580912862,3.35,3.896,4.55,9.0,18.86,26.54,0,0.0,0,0.0,21,8.71369294605809,False,0.0
chicago_lcs_corrected_no_collocation,Chicago,LCS corrected,DLZBV6061,Auburn Gresham 4,official_daily,241,99.58677685950413,0,0.0,0,0.0,9.84746887966805,2.98,3.472,4.09,8.76,20.12,25.95,0,0.0,0,0.0,35,14.522821576763485,False,0.0
chicago_lcs_corrected_no_collocation,Chicago,LCS corrected,DMAEX1156,South Deering 9,official_daily,101,41.735537190082646,0,0.0,0,0.0,9.957029702970297,3.58,3.81,4.46,9.62,18.13,25.72,0,0.0,0,0.0,16,15.841584158415841,False,0.0
chicago_lcs_corrected_no_collocation,Chicago,LCS corrected,DMAFX5938,Avalon Park 2,official_daily,241,99.58677685950413,0,0.0,0,0.0,10.337427385892115,3.21,3.418,4.16,9.23,21.28,26.91,0,0.0,0,0.0,32,13.278008298755188,False,0.0
chicago_lcs_corrected_no_collocation,Chicago,LCS corrected,DMARJ5120,Hyde Park 1,official_daily,241,99.58677685950413,0,0.0,0,0.0,8.488796680497925,2.79,3.19,3.86,7.42,16.41,22.19,0,0.0,0,0.0,45,18.672199170124482,False,0.0
chicago_lcs_corrected_no_collocation,Chicago,LCS corrected,DMFEL5431,Garfield Ridge 4,official_daily,241,99.58677685950413,0,0.0,0,0.0,11.590788381742739,3.62,4.266,4.99,10.27,22.42,30.63,0,0.0,0,0.0,13,5.394190871369295,False,0.0
chicago_lcs_corrected_no_collocation,Chicago,LCS corrected,DMHRT7456,Chicago Lawn 3,official_daily,241,99.58677685950413,0,0.0,0,0.0,10.67564315352697,3.44,3.8280000000000003,4.54,9.28,21.13,28.37,0,0.0,0,0.0,24,9.95850622406639,False,0.0
chicago_lcs_corrected_no_collocation,Chicago,LCS corrected,DMIYV7889,O'Hare 2,official_daily,236,97.52066115702479,0,0.0,0,0.0,8.322542372881356,2.72,3.009,3.56,7.11,16.39,24.15,0,0.0,0,0.0,58,24.576271186440678,False,0.0
chicago_lcs_corrected_no_collocation,Chicago,LCS corrected,DMKJB8675,Avalon Park 3,official_daily,241,99.58677685950413,0,0.0,0,0.0,11.484564315352696,3.58,4.41,4.81,10.34,23.54,28.8,0,0.0,0,0.0,18,7.468879668049793,False,0.0
chicago_lcs_corrected_no_collocation,Chicago,LCS corrected,DMLBL6950,West Lawn 2,official_daily,241,99.58677685950413,0,0.0,0,0.0,11.485477178423237,3.91,4.488,5.13,10.28,24.03,30.52,0,0.0,0,0.0,10,4.149377593360996,False,0.0
chicago_lcs_corrected_no_collocation,Chicago,LCS corrected,DMLFU0523,Pullman 2,official_daily,241,99.58677685950413,0,0.0,0,0.0,10.028713692946058,3.15,3.426,4.17,9.19,19.69,24.58,0,0.0,0,0.0,34,14.107883817427386,False,0.0
chicago_lcs_corrected_no_collocation,Chicago,LCS corrected,DMLRY2750,North Park 1,official_daily,236,97.52066115702479,0,0.0,0,0.0,9.15635593220339,2.45,3.0585,3.7875,7.87,18.417499999999997,25.58,0,0.0,0,0.0,43,18.220338983050848,False,0.0
chicago_lcs_corrected_no_collocation,Chicago,LCS corrected,DMMRS6981,Forest Glen 1,official_daily,240,99.17355371900827,0,0.0,0,0.0,10.008999999999999,3.34,3.6273,4.2795000000000005,8.76,19.726999999999997,27.4,0,0.0,0,0.0,27,11.25,False,0.0
chicago_lcs_corrected_no_collocation,Chicago,LCS corrected,DMSGP0807,Norwood Park 6,official_daily,241,99.58677685950413,0,0.0,0,0.0,11.001286307053944,3.69,3.942,4.66,9.67,22.05,29.25,0,0.0,0,0.0,20,8.298755186721992,False,0.0
chicago_lcs_corrected_no_collocation,Chicago,LCS corrected,DMTRR1120,Burnside 1,official_daily,241,99.58677685950413,0,0.0,0,0.0,11.083817427385892,3.76,4.474,5.09,9.88,22.23,28.04,0,0.0,0,0.0,11,4.564315352697095,False,0.0
chicago_lcs_corrected_no_collocation,Chicago,LCS corrected,DMVDY6300,McKinley Park 1,official_daily,241,99.58677685950413,0,0.0,0,0.0,10.88804979253112,3.25,3.618,4.54,9.58,22.19,28.07,0,0.0,0,0.0,26,10.78838174273859,False,0.0
chicago_lcs_corrected_no_collocation,Chicago,LCS corrected,DMYFE2499,North Lawndale 3,official_daily,241,99.58677685950413,0,0.0,0,0.0,10.84377593360996,3.08,3.454,4.37,9.52,21.72,28.15,0,0.0,0,0.0,27,11.203319502074688,False,0.0
chicago_lcs_corrected_no_collocation,Chicago,LCS corrected,DMYYS7663,Englewood 6,official_daily,221,91.32231404958678,0,0.0,0,0.0,11.476380090497738,3.87,4.09,4.89,9.85,24.58,31.58,0,0.0,0,0.0,15,6.787330316742081,False,0.0
chicago_lcs_corrected_no_collocation,Chicago,LCS corrected,DNBEB5545,Hermosa 1,official_daily,241,99.58677685950413,0,0.0,0,0.0,10.5597510373444,2.75,3.582,4.1,8.93,21.18,29.75,0,0.0,0,0.0,30,12.448132780082988,False,0.0
chicago_lcs_corrected_no_collocation,Chicago,LCS corrected,DNBKU3560,West Englewood 1,official_daily,241,99.58677685950413,0,0.0,0,0.0,10.455601659751038,3.08,3.5420000000000003,4.35,9.23,20.58,27.53,0,0.0,0,0.0,28,11.618257261410788,False,0.0
chicago_lcs_corrected_no_collocation,Chicago,LCS corrected,DNCCJ5144,Portage Park 1,official_daily,241,99.58677685950413,0,0.0,0,0.0,10.014107883817426,2.7,3.318,4.03,8.5,19.93,27.85,0,0.0,0,0.0,33,13.692946058091286,False,0.0
chicago_lcs_corrected_no_collocation,Chicago,LCS corrected,DNEXF4696,North Lawndale 4,official_daily,241,99.58677685950413,0,0.0,0,0.0,11.573651452282157,3.54,3.676,4.67,10.29,24.43,30.55,0,0.0,0,0.0,22,9.12863070539419,False,0.0
chicago_lcs_corrected_no_collocation,Chicago,LCS corrected,DNFCT5518,Roseland 6,official_daily,239,98.7603305785124,0,0.0,0,0.0,11.22573221757322,3.16,3.4984,4.707,10.1,22.451999999999998,28.36,0,0.0,0,0.0,19,7.949790794979079,False,0.0
chicago_lcs_corrected_no_collocation,Chicago,LCS corrected,DNUKL3524,West Town 3,official_daily,239,98.7603305785124,0,0.0,0,0.0,10.758410041841005,3.31,3.6718,4.598,9.52,22.26,28.11,0,0.0,0,0.0,23,9.623430962343097,False,0.0
chicago_lcs_corrected_no_collocation,Chicago,LCS corrected,DNVBM2851,Englewood 5,official_daily,241,99.58677685950413,0,0.0,0,0.0,10.62701244813278,3.13,3.576,4.35,9.39,21.89,27.52,0,0.0,0,0.0,26,10.78838174273859,False,0.0
chicago_lcs_corrected_no_collocation,Chicago,LCS corrected,DPBXQ5234,North Park 2,official_daily,241,99.58677685950413,0,0.0,0,0.0,10.297385892116182,2.93,3.512,4.35,8.85,21.18,28.33,0,0.0,0,0.0,29,12.033195020746888,False,0.0
chicago_lcs_corrected_no_collocation,Chicago,LCS corrected,DPCUT7707,Loop 2,official_daily,241,99.58677685950413,0,0.0,0,0.0,9.914232365145228,3.22,3.606,4.18,8.61,21.41,27.07,0,0.0,0,0.0,33,13.692946058091286,False,0.0
chicago_lcs_corrected_no_collocation,Chicago,LCS corrected,DPDDG5192,Montclare 1,official_daily,241,99.58677685950413,0,0.0,0,0.0,10.410414937759336,3.15,3.494,4.34,9.1,20.11,27.56,0,0.0,0,0.0,28,11.618257261410788,False,0.0
chicago_lcs_corrected_no_collocation,Chicago,LCS corrected,DPMHQ8304,Uptown 1,official_daily,241,99.58677685950413,0,0.0,0,0.0,10.330746887966805,3.42,3.8280000000000003,4.53,8.82,20.78,30.04,0,0.0,0,0.0,22,9.12863070539419,False,0.0
chicago_lcs_corrected_no_collocation,Chicago,LCS corrected,DPMWW4120,Garfield Ridge 3,official_daily,241,99.58677685950413,0,0.0,0,0.0,9.781535269709545,2.96,3.204,4.0,8.69,18.86,24.41,0,0.0,0,0.0,29,12.033195020746888,False,0.0
chicago_lcs_corrected_no_collocation,Chicago,LCS corrected,DPNPJ6846,New City 2,official_daily,240,99.17355371900827,0,0.0,0,0.0,12.199958333333333,3.68,4.4607,4.9885,11.17,23.8945,31.63,0,0.0,0,0.0,13,5.416666666666667,False,0.0
chicago_lcs_corrected_no_collocation,Chicago,LCS corrected,DPPCP3370,West Pullman 4,official_daily,241,99.58677685950413,0,0.0,0,0.0,10.582946058091286,3.02,3.448,4.37,9.64,20.64,27.31,0,0.0,0,0.0,23,9.54356846473029,False,0.0
chicago_lcs_corrected_no_collocation,Chicago,LCS corrected,DPQLM7176,Lake View 1,official_daily,241,99.58677685950413,0,0.0,0,0.0,9.912738589211617,2.9,3.342,4.07,8.42,20.44,29.38,0,0.0,0,0.0,31,12.863070539419088,False,0.0
chicago_lcs_corrected_no_collocation,Chicago,LCS corrected,DPQMK5751,Avondale 1,official_daily,241,99.58677685950413,0,0.0,0,0.0,10.22585062240664,2.75,3.536,4.32,8.73,20.74,27.4,0,0.0,0,0.0,29,12.033195020746888,False,0.0
chicago_lcs_corrected_no_collocation,Chicago,LCS corrected,DPWHE0976,Fuller Park 1,official_daily,241,99.58677685950413,0,0.0,0,0.0,9.988423236514523,3.13,3.56,4.37,8.76,19.92,26.89,0,0.0,0,0.0,31,12.863070539419088,False,0.0
chicago_lcs_corrected_no_collocation,Chicago,LCS corrected,DQABT4506,Riverdale 2,official_daily,241,99.58677685950413,0,0.0,0,0.0,11.27078838174274,3.12,3.494,4.5,10.06,21.81,28.37,0,0.0,0,0.0,20,8.298755186721992,False,0.0
chicago_lcs_corrected_no_collocation,Chicago,LCS corrected,DQAJZ3770,Logan Square 2,official_daily,241,99.58677685950413,0,0.0,0,0.0,10.848962655601662,3.44,3.7880000000000003,4.49,9.27,22.41,29.46,0,0.0,0,0.0,25,10.37344398340249,False,0.0
chicago_lcs_corrected_no_collocation,Chicago,LCS corrected,DQGPJ5322,Beverly 5,official_daily,241,99.58677685950413,0,0.0,0,0.0,9.870456431535269,3.05,3.408,4.1,8.63,19.32,25.4,0,0.0,0,0.0,35,14.522821576763485,False,0.0
chicago_lcs_corrected_no_collocation,Chicago,LCS corrected,DQIUL8061,South Shore 1,official_daily,241,99.58677685950413,0,0.0,0,0.0,10.148630705394192,3.12,3.532,4.3,9.13,19.84,24.88,0,0.0,0,0.0,31,12.863070539419088,False,0.0
chicago_lcs_corrected_no_collocation,Chicago,LCS corrected,DQJDZ1252,West Pullman 1,official_daily,241,99.58677685950413,0,0.0,0,0.0,10.069170124481328,3.1,3.414,4.24,9.18,18.76,25.12,0,0.0,0,0.0,28,11.618257261410788,False,0.0
chicago_lcs_corrected_no_collocation,Chicago,LCS corrected,DQJVA6225,Jefferson Park 1,official_daily,241,99.58677685950413,0,0.0,0,0.0,10.172033195020747,3.23,3.524,4.24,8.7,21.12,28.48,0,0.0,0,0.0,29,12.033195020746888,False,0.0
chicago_lcs_corrected_no_collocation,Chicago,LCS corrected,DQRVM2041,West Englewood 3,official_daily,241,99.58677685950413,0,0.0,0,0.0,9.469045643153526,2.86,3.246,3.99,8.54,18.66,25.23,0,0.0,0,0.0,34,14.107883817427386,False,0.0
chicago_lcs_corrected_no_collocation,Chicago,LCS corrected,DQTUI1287,Hegewisch 4,official_daily,241,99.58677685950413,0,0.0,0,0.0,10.250954356846472,3.12,3.742,4.45,9.29,20.89,29.09,0,0.0,0,0.0,28,11.618257261410788,False,0.0
chicago_lcs_corrected_no_collocation,Chicago,LCS corrected,DQUUS8611,West Town 4,official_daily,241,99.58677685950413,0,0.0,0,0.0,11.184771784232364,3.38,4.178,4.98,9.79,24.2,31.33,0,0.0,0,0.0,14,5.809128630705394,False,0.0
chicago_lcs_corrected_no_collocation,Chicago,LCS corrected,DQVFE3070,Englewood 4,official_daily,241,99.58677685950413,0,0.0,0,0.0,10.912116182572612,3.57,4.02,4.56,9.68,22.48,29.78,0,0.0,0,0.0,20,8.298755186721992,False,0.0
chicago_lcs_corrected_no_collocation,Chicago,LCS corrected,DQVGW1846,South Lawndale 3,official_daily,241,99.58677685950413,0,0.0,0,0.0,11.565103734439832,3.16,3.742,4.56,10.34,22.95,31.19,0,0.0,0,0.0,18,7.468879668049793,False,0.0
chicago_lcs_corrected_no_collocation,Chicago,LCS corrected,DQWCU6663,Austin 6,official_daily,241,99.58677685950413,0,0.0,0,0.0,9.816473029045644,2.78,3.468,4.08,8.49,19.38,26.18,0,0.0,0,0.0,36,14.937759336099585,False,0.0
chicago_lcs_corrected_no_collocation,Chicago,LCS corrected,DQXJA8041,Archer Heights 3,official_daily,241,99.58677685950413,0,0.0,0,0.0,11.542033195020748,3.64,4.464,4.92,10.21,23.82,30.86,0,0.0,0,0.0,17,7.053941908713693,False,0.0
chicago_lcs_corrected_no_collocation,Chicago,LCS corrected,DQZEA3135,South Deering 8,official_daily,241,99.58677685950413,0,0.0,0,0.0,10.47435684647303,3.18,3.69,4.55,9.46,20.62,25.15,0,0.0,0,0.0,25,10.37344398340249,False,0.0
chicago_lcs_corrected_no_collocation,Chicago,LCS corrected,DQZIL1804,Brighton Park 2,official_daily,241,99.58677685950413,0,0.0,0,0.0,10.78701244813278,3.22,3.644,4.52,9.38,20.78,27.78,0,0.0,0,0.0,22,9.12863070539419,False,0.0
chicago_lcs_corrected_no_collocation,Chicago,LCS corrected,DRCQU4244,Roseland 5,official_daily,241,99.58677685950413,0,0.0,0,0.0,10.94597510373444,3.51,3.914,4.75,9.86,22.08,27.72,0,0.0,0,0.0,20,8.298755186721992,False,0.0
chicago_lcs_corrected_no_collocation,Chicago,LCS corrected,DRCSL7614,Jefferson Park 3,official_daily,241,99.58677685950413,0,0.0,0,0.0,11.620414937759334,3.37,3.766,4.7,10.28,24.69,31.43,0,0.0,0,0.0,21,8.71369294605809,False,0.0
chicago_lcs_corrected_no_collocation,Chicago,LCS corrected,DRDMU5348,Washington Heights 3,official_daily,241,99.58677685950413,0,0.0,0,0.0,10.09298755186722,3.21,3.818,4.38,9.02,20.19,27.32,0,0.0,0,0.0,26,10.78838174273859,False,0.0
chicago_lcs_corrected_no_collocation,Chicago,LCS corrected,DRDZF3698,Austin 1,official_daily,241,99.58677685950413,0,0.0,0,0.0,10.405975103734441,2.87,3.238,4.2,8.92,20.6,27.84,0,0.0,0,0.0,29,12.033195020746888,False,0.0
chicago_lcs_corrected_no_collocation,Chicago,LCS corrected,DRHPF2920,South Deering 4,official_daily,241,99.58677685950413,0,0.0,0,0.0,10.368755186721991,2.93,3.402,4.28,9.54,20.39,25.97,0,0.0,0,0.0,28,11.618257261410788,False,0.0
chicago_lcs_corrected_no_collocation,Chicago,LCS corrected,DRILK5150,East Garfield Park 1,official_daily,240,99.17355371900827,0,0.0,0,0.0,10.413958333333333,3.15,3.3158000000000003,4.234500000000001,9.205,20.610999999999994,25.57,0,0.0,0,0.0,29,12.083333333333334,False,0.0
chicago_lcs_corrected_no_collocation,Chicago,LCS corrected,DRJGY6541,West Elsdon 1,official_daily,234,96.69421487603306,0,0.0,0,0.0,10.836111111111112,3.64,4.4496,4.793,9.515,20.930999999999997,27.1,0,0.0,0,0.0,19,8.11965811965812,False,0.0
chicago_lcs_corrected_no_collocation,Chicago,LCS corrected,DRJPX9457,South Deering 5,official_daily,241,99.58677685950413,0,0.0,0,0.0,11.571535269709543,3.33,3.944,4.92,10.56,22.64,45.62,0,0.0,0,0.0,15,6.224066390041494,False,0.0
chicago_lcs_corrected_no_collocation,Chicago,LCS corrected,DRQFY3540,Lower West Side 4,official_daily,221,91.32231404958678,0,0.0,0,0.0,10.990678733031675,3.87,4.2219999999999995,4.77,9.86,22.41,30.43,0,0.0,0,0.0,16,7.239819004524887,False,0.0
chicago_lcs_corrected_no_collocation,Chicago,LCS corrected,DRRDD3500,Hegewisch 6,official_daily,240,99.17355371900827,0,0.0,0,0.0,10.821958333333335,3.41,3.7978,4.715,9.594999999999999,21.257499999999993,29.05,0,0.0,0,0.0,18,7.5,False,0.0
chicago_lcs_corrected_no_collocation,Chicago,LCS corrected,DRUBP9408,South Deering 2,official_daily,241,99.58677685950413,0,0.0,0,0.0,8.4801244813278,3.18,3.436,4.02,7.5,16.14,21.03,0,0.0,0,0.0,45,18.672199170124482,False,0.0
chicago_lcs_corrected_no_collocation,Chicago,LCS corrected,DRYBG8957,McKinley Park 2,official_daily,241,99.58677685950413,0,0.0,0,0.0,10.823526970954358,3.1,3.416,4.39,9.72,21.6,27.47,0,0.0,0,0.0,23,9.54356846473029,False,0.0
chicago_lcs_corrected_no_collocation,Chicago,LCS corrected,DRZTP3103,Austin 7,official_daily,241,99.58677685950413,0,0.0,0,0.0,9.775228215767635,2.75,3.288,4.08,8.41,18.94,25.72,0,0.0,0,0.0,32,13.278008298755188,False,0.0
chicago_lcs_corrected_no_collocation,Chicago,LCS corrected,DSHWY2305,Irving Park 3,official_daily,241,99.58677685950413,0,0.0,0,0.0,10.579958506224068,2.92,3.434,4.24,9.2,20.94,28.36,0,0.0,0,0.0,28,11.618257261410788,False,0.0
chicago_lcs_corrected_no_collocation,Chicago,LCS corrected,DSHYP2656,Auburn Gresham 2,official_daily,241,99.58677685950413,0,0.0,0,0.0,10.211327800829872,3.08,3.5100000000000002,4.29,9.2,20.27,26.03,0,0.0,0,0.0,31,12.863070539419088,False,0.0
chicago_lcs_corrected_no_collocation,Chicago,LCS corrected,DSKDX3738,Armour Square 3,official_daily,241,99.58677685950413,0,0.0,0,0.0,10.759045643153527,2.95,3.458,4.53,9.46,21.6,28.52,0,0.0,0,0.0,23,9.54356846473029,False,0.0
chicago_lcs_corrected_no_collocation,Chicago,LCS corrected,DSKEW3707,Washington Heights 2,official_daily,241,99.58677685950413,0,0.0,0,0.0,11.678796680497925,3.73,4.284,5.18,10.19,23.37,30.44,0,0.0,0,0.0,11,4.564315352697095,False,0.0
chicago_lcs_corrected_no_collocation,Chicago,LCS corrected,DSMXS8409,Calumet Heights 2,official_daily,240,99.17355371900827,0,0.0,0,0.0,11.325875,3.5,3.9392,4.657,10.285,22.646999999999995,28.6,0,0.0,0,0.0,23,9.583333333333334,False,0.0
chicago_lcs_corrected_no_collocation,Chicago,LCS corrected,DSSQU9498,Near North Side 4,official_daily,136,56.19834710743802,0,0.0,0,0.0,10.957132352941178,3.77,4.363,4.9799999999999995,9.045,20.732499999999998,26.98,0,0.0,0,0.0,7,5.147058823529412,False,0.0
chicago_lcs_corrected_no_collocation,Chicago,LCS corrected,DSZQR8376,Hegewisch 1,official_daily,241,99.58677685950413,0,0.0,0,0.0,10.329585062240666,3.29,3.646,4.43,9.45,20.14,25.31,0,0.0,0,0.0,32,13.278008298755188,False,0.0
chicago_lcs_corrected_no_collocation,Chicago,LCS corrected,DTCRA7818,West Lawn 1,official_daily,204,84.29752066115702,0,0.0,0,0.0,11.73235294117647,3.74,3.772,4.8075,9.83,24.580499999999997,32.74,0,0.0,0,0.0,13,6.372549019607843,False,0.0
chicago_lcs_corrected_no_collocation,Chicago,LCS corrected,DTFVD6048,Riverdale 1,official_daily,241,99.58677685950413,0,0.0,0,0.0,11.199626556016597,3.18,3.638,4.4,9.77,22.54,28.27,0,0.0,0,0.0,26,10.78838174273859,False,0.0
chicago_lcs_corrected_no_collocation,Chicago,LCS corrected,DTKNM4892,Beverly 3,official_daily,237,97.93388429752066,0,0.0,0,0.0,9.558312236286918,3.28,3.7784,4.362,8.43,19.259999999999998,25.03,0,0.0,0,0.0,27,11.39240506329114,False,0.0
chicago_lcs_corrected_no_collocation,Chicago,LCS corrected,DTQTJ0507,Douglas 1,official_daily,240,99.17355371900827,0,0.0,0,0.0,9.684041666666667,2.81,3.3,4.1165,8.525,20.273,26.77,0,0.0,0,0.0,37,15.416666666666666,False,0.0
chicago_lcs_corrected_no_collocation,Chicago,LCS corrected,DTUGZ9693,Lake View 3,official_daily,241,99.58677685950413,0,0.0,0,0.0,9.433112033195021,2.63,3.34,3.87,8.12,20.04,28.24,0,0.0,0,0.0,39,16.182572614107883,False,0.0
chicago_lcs_corrected_no_collocation,Chicago,LCS corrected,DTVYY1142,Lower West Side 3,official_daily,241,99.58677685950413,0,0.0,0,0.0,11.1596265560166,3.53,3.798,4.72,9.82,22.21,29.13,0,0.0,0,0.0,20,8.298755186721992,False,0.0
chicago_lcs_corrected_no_collocation,Chicago,LCS corrected,DTYDP5264,Norwood Park 1,official_daily,241,99.58677685950413,0,0.0,0,0.0,9.855518672199171,3.1,3.4,4.09,8.69,19.62,27.22,0,0.0,0,0.0,35,14.522821576763485,False,0.0
chicago_lcs_corrected_no_collocation,Chicago,LCS corrected,DUBCZ6179,Humboldt Park 5,official_daily,240,99.17355371900827,0,0.0,0,0.0,10.292041666666668,3.2,3.4397,4.15,8.915,20.355,27.15,0,0.0,0,0.0,30,12.5,False,0.0
chicago_lcs_corrected_no_collocation,Chicago,LCS corrected,DUDWN9545,Ashburn 2,official_daily,241,99.58677685950413,0,0.0,0,0.0,11.1850622406639,3.57,4.1499999999999995,4.73,9.65,22.47,29.7,0,0.0,0,0.0,17,7.053941908713693,False,0.0
chicago_lcs_corrected_no_collocation,Chicago,LCS corrected,DUGYZ8163,Ashburn 4,official_daily,241,99.58677685950413,0,0.0,0,0.0,9.666016597510373,2.96,3.226,3.93,8.4,19.5,24.56,0,0.0,0,0.0,34,14.107883817427386,False,0.0
chicago_lcs_corrected_no_collocation,Chicago,LCS corrected,DUIZW8642,Norwood Park 5,official_daily,241,99.58677685950413,0,0.0,0,0.0,8.974854771784232,2.46,3.084,3.68,7.73,17.73,24.39,0,0.0,0,0.0,49,20.33195020746888,False,0.0
chicago_lcs_corrected_no_collocation,Chicago,LCS corrected,DUNKA8014,North Park 3,official_daily,241,99.58677685950413,0,0.0,0,0.0,9.934190871369294,2.76,3.2840000000000003,4.01,8.65,20.31,28.12,0,0.0,0,0.0,35,14.522821576763485,False,0.0
chicago_lcs_corrected_no_collocation,Chicago,LCS corrected,DUSKD5383,Dunning 2,official_daily,241,99.58677685950413,0,0.0,0,0.0,9.447302904564316,2.9,3.144,3.83,8.1,18.46,25.51,0,0.0,0,0.0,40,16.597510373443985,False,0.0
chicago_lcs_corrected_no_collocation,Chicago,LCS corrected,DUUZN2841,Logan Square 3,official_daily,241,99.58677685950413,0,0.0,0,0.0,12.092323651452283,3.86,4.328,5.16,10.48,24.91,32.79,0,0.0,0,0.0,11,4.564315352697095,False,0.0
chicago_lcs_corrected_no_collocation,Chicago,LCS corrected,DUVHI0112,Loop 1,official_daily,65,26.859504132231404,0,0.0,0,0.0,10.010307692307691,3.86,4.0072,5.074,8.53,18.642,25.75,0,0.0,0,0.0,3,4.615384615384615,False,0.0
chicago_lcs_corrected_no_collocation,Chicago,LCS corrected,DUXLQ7589,Albany Park 1,official_daily,241,99.58677685950413,0,0.0,0,0.0,10.816141078838173,3.44,3.976,4.57,9.21,21.72,28.83,0,0.0,0,0.0,21,8.71369294605809,False,0.0
chicago_lcs_corrected_no_collocation,Chicago,LCS corrected,DVCHA9392,Gage Park 3,official_daily,241,99.58677685950413,0,0.0,0,0.0,10.589460580912863,3.23,3.7680000000000002,4.46,9.73,21.01,26.81,0,0.0,0,0.0,26,10.78838174273859,False,0.0
chicago_lcs_corrected_no_collocation,Chicago,LCS corrected,DVCMB9343,Belmont Cragin 2,official_daily,241,99.58677685950413,0,0.0,0,0.0,11.056473029045641,3.68,4.082,4.62,9.77,21.68,27.69,0,0.0,0,0.0,17,7.053941908713693,False,0.0
chicago_lcs_corrected_no_collocation,Chicago,LCS corrected,DVNGV1890,Roseland 2,official_daily,240,99.17355371900827,0,0.0,0,0.0,12.773333333333335,4.98,5.3829,6.2025,11.32,24.61499999999999,33.11,0,0.0,0,0.0,2,0.8333333333333334,False,0.0
chicago_lcs_corrected_no_collocation,Chicago,LCS corrected,DVPEA0040,Auburn Gresham 1,official_daily,241,99.58677685950413,0,0.0,0,0.0,11.48792531120332,3.82,4.1739999999999995,4.98,9.88,22.77,30.56,0,0.0,0,0.0,13,5.394190871369295,False,0.0
chicago_lcs_corrected_no_collocation,Chicago,LCS corrected,DVPZF1960,Near West Side 4,official_daily,239,98.7603305785124,0,0.0,0,0.0,11.726987447698745,4.04,4.2238,5.03,10.35,24.449999999999996,33.08,0,0.0,0,0.0,12,5.02092050209205,False,0.0
chicago_lcs_corrected_no_collocation,Chicago,LCS corrected,DVRBW4874,Logan Square 1,official_daily,241,99.58677685950413,0,0.0,0,0.0,9.601867219917013,2.7,3.172,3.85,8.07,19.06,26.22,0,0.0,0,0.0,38,15.767634854771785,False,0.0
chicago_lcs_corrected_no_collocation,Chicago,LCS corrected,DVWMK9661,Humboldt Park 4,official_daily,241,99.58677685950413,0,0.0,0,0.0,10.750456431535268,3.31,3.62,4.43,9.48,22.14,28.0,0,0.0,0,0.0,22,9.12863070539419,False,0.0
chicago_lcs_corrected_no_collocation,Chicago,LCS corrected,DWBTT8209,Edison Park 1,official_daily,238,98.34710743801652,0,0.0,0,0.0,7.866050420168067,3.12,3.3259,4.1205,6.92,14.630999999999997,19.5,0,0.0,0,0.0,54,22.689075630252102,False,0.0
chicago_lcs_corrected_no_collocation,Chicago,LCS corrected,DWCTD3003,East Side 4,official_daily,238,98.34710743801652,0,0.0,0,0.0,10.963361344537816,3.21,3.8559,4.516500000000001,9.629999999999999,21.85799999999999,29.43,0,0.0,0,0.0,25,10.504201680672269,False,0.0
chicago_lcs_corrected_no_collocation,Chicago,LCS corrected,DWEIE9311,Bridgeport 2,official_daily,241,99.58677685950413,0,0.0,0,0.0,11.49228215767635,3.33,3.582,4.48,10.1,23.47,28.28,0,0.0,0,0.0,23,9.54356846473029,False,0.0
chicago_lcs_corrected_no_collocation,Chicago,LCS corrected,DWEWU1433,Austin 9,official_daily,241,99.58677685950413,0,0.0,0,0.0,10.195892116182574,2.94,3.3600000000000003,4.05,8.82,19.48,26.54,0,0.0,0,0.0,29,12.033195020746888,False,0.0
chicago_lcs_corrected_no_collocation,Chicago,LCS corrected,DWFRI5691,Humboldt Park 1,official_daily,240,99.17355371900827,0,0.0,0,0.0,10.443916666666667,2.79,3.3338,4.178999999999999,9.115,21.15599999999999,26.96,0,0.0,0,0.0,25,10.416666666666666,False,0.0
chicago_lcs_corrected_no_collocation,Chicago,LCS corrected,DWGYM0810,Avalon Park 1,official_daily,214,88.4297520661157,0,0.0,0,0.0,19.20841121495327,6.76,8.4686,9.6245,18.134999999999998,30.3035,38.03,0,0.0,0,0.0,0,0.0,False,0.0
chicago_lcs_corrected_no_collocation,Chicago,LCS corrected,DWMKK1484,Gage Park 2,official_daily,241,99.58677685950413,0,0.0,0,0.0,11.68414937759336,3.86,4.306,5.15,10.27,23.07,29.92,0,0.0,0,0.0,10,4.149377593360996,False,0.0
chicago_lcs_corrected_no_collocation,Chicago,LCS corrected,DWMLU4849,Portage Park 4,official_daily,241,99.58677685950413,0,0.0,0,0.0,11.657676348547717,3.52,3.926,4.72,10.17,23.47,31.1,0,0.0,0,0.0,19,7.8838174273858925,False,0.0
chicago_lcs_corrected_no_collocation,Chicago,LCS corrected,DWMUZ3935,Lincoln Square 2,official_daily,241,99.58677685950413,0,0.0,0,0.0,10.64941908713693,3.41,3.9080000000000004,4.65,8.82,21.62,29.01,0,0.0,0,0.0,19,7.8838174273858925,False,0.0
chicago_lcs_corrected_no_collocation,Chicago,LCS corrected,DWRMS8182,South Chicago 1,official_daily,241,99.58677685950413,0,0.0,0,0.0,11.011659751037346,3.65,3.986,4.56,9.88,22.22,28.42,0,0.0,0,0.0,27,11.203319502074688,False,0.0
chicago_lcs_corrected_no_collocation,Chicago,LCS corrected,DWTBK5575,Brighton Park 3,official_daily,240,99.17355371900827,0,0.0,0,0.0,11.970375,3.83,4.6094,5.298,10.965,23.432499999999997,30.23,0,0.0,0,0.0,5,2.0833333333333335,False,0.0
chicago_lcs_corrected_no_collocation,Chicago,LCS corrected,DWTBM7891,Woodlawn 1,official_daily,241,99.58677685950413,0,0.0,0,0.0,10.523941908713695,3.68,4.046,4.68,9.44,21.17,26.01,0,0.0,0,0.0,23,9.54356846473029,False,0.0
chicago_lcs_corrected_no_collocation,Chicago,LCS corrected,DWZPM1574,West Town 5,official_daily,241,99.58677685950413,0,0.0,0,0.0,10.311120331950207,3.01,3.61,4.31,9.19,19.86,26.23,0,0.0,0,0.0,26,10.78838174273859,False,0.0
chicago_lcs_corrected_no_collocation,Chicago,LCS corrected,DWZRL1539,Hermosa 2,official_daily,241,99.58677685950413,0,0.0,0,0.0,9.030207468879667,3.21,3.678,4.31,7.87,17.69,22.11,0,0.0,0,0.0,36,14.937759336099585,False,0.0
chicago_lcs_corrected_no_collocation,Chicago,LCS corrected,DXEMM9791,Chatham 2,official_daily,241,99.58677685950413,0,0.0,0,0.0,9.861203319502076,3.14,3.5100000000000002,4.27,8.7,20.3,26.01,0,0.0,0,0.0,36,14.937759336099585,False,0.0
chicago_lcs_corrected_no_collocation,Chicago,LCS corrected,DXHCB5919,Uptown 2,official_daily,138,57.02479338842975,0,0.0,0,0.0,9.888115942028985,3.2,4.1633,4.4375,8.155,19.849,28.43,0,0.0,0,0.0,14,10.144927536231885,False,0.0
chicago_lcs_corrected_no_collocation,Chicago,LCS corrected,DXHYE9278,Hegewisch 5,official_daily,241,99.58677685950413,0,0.0,0,0.0,11.400954356846471,3.12,3.782,4.71,10.26,22.36,28.84,0,0.0,0,0.0,15,6.224066390041494,False,0.0
chicago_lcs_corrected_no_collocation,Chicago,LCS corrected,DXIGM4223,Ashburn 6,official_daily,241,99.58677685950413,0,0.0,0,0.0,11.592406639004148,3.67,4.1819999999999995,4.97,10.06,23.31,30.42,0,0.0,0,0.0,13,5.394190871369295,False,0.0
chicago_lcs_corrected_no_collocation,Chicago,LCS corrected,DXRZC4102,New City 1,official_daily,240,99.17355371900827,0,0.0,0,0.0,11.462208333333335,3.25,3.8221,4.71,10.0,22.826499999999985,31.04,0,0.0,0,0.0,19,7.916666666666667,False,0.0
chicago_lcs_corrected_no_collocation,Chicago,LCS corrected,DXUQX7513,Ashburn 8,official_daily,241,99.58677685950413,0,0.0,0,0.0,10.000414937759338,3.02,3.444,4.26,8.77,18.72,24.81,0,0.0,0,0.0,28,11.618257261410788,False,0.0
chicago_lcs_corrected_no_collocation,Chicago,LCS corrected,DXWXZ1902,South Deering 1,official_daily,241,99.58677685950413,0,0.0,0,0.0,10.910414937759338,3.15,3.55,4.3,9.77,22.17,28.07,0,0.0,0,0.0,28,11.618257261410788,False,0.0
chicago_lcs_corrected_no_collocation,Chicago,LCS corrected,DXXAJ4778,West Lawn 3,official_daily,241,99.58677685950413,0,0.0,0,0.0,11.197593360995851,3.77,4.01,4.64,9.84,22.5,55.21,0,0.0,0,0.0,20,8.298755186721992,False,0.0
chicago_lcs_corrected_no_collocation,Chicago,LCS corrected,DYDVV6312,Humboldt Park 2,official_daily,182,75.20661157024793,0,0.0,0,0.0,11.764065934065936,3.69,3.8696,4.7245,9.64,25.429999999999975,28.92,0,0.0,0,0.0,15,8.241758241758241,False,0.0
chicago_lcs_corrected_no_collocation,Chicago,LCS corrected,DYGHJ0891,Clearing 1,official_daily,241,99.58677685950413,0,0.0,0,0.0,11.08,3.5,3.7520000000000002,4.81,9.83,21.51,29.21,0,0.0,0,0.0,17,7.053941908713693,False,0.0
chicago_lcs_corrected_no_collocation,Chicago,LCS corrected,DYHTK6723,Chatham 1,official_daily,241,99.58677685950413,0,0.0,0,0.0,10.38634854771784,3.78,3.9859999999999998,4.72,9.17,21.15,27.02,0,0.0,0,0.0,24,9.95850622406639,False,0.0
chicago_lcs_corrected_no_collocation,Chicago,LCS corrected,DYLLV9237,Portage Park 5,official_daily,106,43.80165289256198,0,0.0,0,0.0,13.214150943396225,4.27,4.5115,5.5275,12.489999999999998,27.8725,31.7,0,0.0,0,0.0,4,3.7735849056603774,False,0.0
chicago_lcs_corrected_no_collocation,Chicago,LCS corrected,DYRMT9480,West Ridge 2,official_daily,241,99.58677685950413,0,0.0,0,0.0,9.450290456431537,2.62,3.146,3.91,8.06,20.05,27.42,0,0.0,0,0.0,39,16.182572614107883,False,0.0
chicago_lcs_corrected_no_collocation,Chicago,LCS corrected,DYSHC8669,Chicago Lawn 2,official_daily,241,99.58677685950413,0,0.0,0,0.0,10.21298755186722,3.14,3.73,4.52,8.94,19.76,25.94,0,0.0,0,0.0,27,11.203319502074688,False,0.0
chicago_lcs_corrected_no_collocation,Chicago,LCS corrected,DYUGS4351,East Garfield Park 2,official_daily,241,99.58677685950413,0,0.0,0,0.0,9.938091286307055,2.89,3.2760000000000002,4.18,8.69,19.71,26.66,0,0.0,0,0.0,29,12.033195020746888,False,0.0
chicago_lcs_corrected_no_collocation,Chicago,LCS corrected,DYWEY8508,Lake View 2,official_daily,241,99.58677685950413,0,0.0,0,0.0,10.793734439834024,3.51,4.117999999999999,4.82,9.19,22.02,30.19,0,0.0,0,0.0,18,7.468879668049793,False,0.0
chicago_lcs_corrected_no_collocation,Chicago,LCS corrected,DYWHJ8696,Chicago Lawn 1,official_daily,241,99.58677685950413,0,0.0,0,0.0,10.418298755186724,3.19,3.396,4.48,9.48,20.26,25.58,0,0.0,0,0.0,26,10.78838174273859,False,0.0
chicago_lcs_corrected_no_collocation,Chicago,LCS corrected,DYWWS0378,Uptown 4,official_daily,220,90.9090909090909,0,0.0,0,0.0,7.679045454545454,3.27,3.5195,3.9450000000000003,6.73,14.3505,24.32,0,0.0,0,0.0,52,23.636363636363637,False,0.0
chicago_lcs_corrected_no_collocation,Chicago,LCS corrected,DYZXT2661,Washington Park 1,official_daily,241,99.58677685950413,0,0.0,0,0.0,9.08033195020747,3.08,3.284,3.91,7.95,18.31,23.37,0,0.0,0,0.0,41,17.012448132780083,False,0.0
chicago_lcs_corrected_no_collocation,Chicago,LCS corrected,DZBHR9476,Near South Side 2,official_daily,241,99.58677685950413,0,0.0,0,0.0,9.328298755186722,2.7,3.446,4.03,8.09,18.45,27.59,0,0.0,0,0.0,40,16.597510373443985,False,0.0
chicago_lcs_corrected_no_collocation,Chicago,LCS corrected,DZBKX0961,Kenwood 1,official_daily,240,99.17355371900827,0,0.0,0,0.0,10.739041666666667,3.63,3.9929,4.676,9.485,22.490499999999997,28.51,0,0.0,0,0.0,26,10.833333333333334,False,0.0
chicago_lcs_corrected_no_collocation,Chicago,LCS corrected,DZCNZ4799,North Center 1,official_daily,241,99.58677685950413,0,0.0,0,0.0,9.398008298755187,2.7,3.388,4.07,8.11,18.78,26.13,0,0.0,0,0.0,32,13.278008298755188,False,0.0
chicago_lcs_corrected_no_collocation,Chicago,LCS corrected,DZFFW4078,Hegewisch 3,official_daily,240,99.17355371900827,0,0.0,0,0.0,10.715375,3.26,3.8178,4.5875,9.415,21.1245,27.89,0,0.0,0,0.0,24,10.0,False,0.0
chicago_lcs_corrected_no_collocation,Chicago,LCS corrected,DZFVS4727,Uptown 3,official_daily,241,99.58677685950413,0,0.0,0,0.0,10.4149377593361,3.45,3.874,4.4,9.04,21.65,29.0,0,0.0,0,0.0,24,9.95850622406639,False,0.0
chicago_lcs_corrected_no_collocation,Chicago,LCS corrected,DZIEF7974,Auburn Gresham 5,official_daily,241,99.58677685950413,0,0.0,0,0.0,9.42286307053942,2.92,3.296,3.96,8.44,17.78,22.87,0,0.0,0,0.0,39,16.182572614107883,False,0.0
chicago_lcs_corrected_no_collocation,Chicago,LCS corrected,DZIHS7092,Archer Heights 2,official_daily,241,99.58677685950413,0,0.0,0,0.0,10.038215767634854,3.06,3.36,4.17,9.02,19.5,25.1,0,0.0,0,0.0,28,11.618257261410788,False,0.0
chicago_lcs_corrected_no_collocation,Chicago,LCS corrected,DZKWB0839,East Side 2,official_daily,241,99.58677685950413,0,0.0,0,0.0,10.84219917012448,3.46,3.7960000000000003,4.66,10.02,22.0,27.19,0,0.0,0,0.0,25,10.37344398340249,False,0.0
chicago_lcs_corrected_no_collocation,Chicago,LCS corrected,DZLAV7766,Austin 4,official_daily,241,99.58677685950413,0,0.0,0,0.0,13.888796680497924,4.93,5.698,6.49,12.28,27.23,32.67,0,0.0,0,0.0,1,0.4149377593360996,False,0.0
chicago_lcs_corrected_no_collocation,Chicago,LCS corrected,DZTFU6199,Ashburn 7,official_daily,241,99.58677685950413,0,0.0,0,0.0,9.811203319502075,3.03,3.4,4.13,8.9,18.95,23.37,0,0.0,0,0.0,32,13.278008298755188,False,0.0
chicago_lcs_corrected_no_collocation,Chicago,LCS corrected,DZUWB2477,North Lawndale 1,official_daily,241,99.58677685950413,0,0.0,0,0.0,12.286390041493776,3.97,4.474,5.42,10.95,23.6,32.05,0,0.0,0,0.0,8,3.319502074688797,False,0.0
