run_key,city,selection_strategy,selection_strategy_label,time_aggregation,sample_size,row_count,n_outer_draws,n_days,selected_ref_mdape_median_pct,full_ref_mdape_median_pct,mdape_delta_median_pctpt,selected_ref_abs_median_ugm3,full_ref_abs_median_ugm3,abs_delta_median_ugm3,reference_mean_delta_median_ugm3,mdape_delta_p95_pctpt,abs_delta_p95_ugm3
chicago_phase4_strategy_n50,Chicago,anti_cluster,Anti-cluster,daily,5,4820,20,241,4.028964025926427,4.8933427458679235,0.3918506589488606,0.3755959183673472,0.4461397058823522,0.05142614622057229,0.3082912556178208,3.6808947379627237,0.2735590847224495
chicago_phase4_strategy_n50,Chicago,anti_cluster,Anti-cluster,daily,10,4820,20,241,2.8481308956044575,4.07987257761732,0.8769159197696299,0.2734791666666667,0.38599999999999923,0.10062356768550185,0.3082912556178208,4.817451416714002,0.39773516327311953
chicago_phase4_strategy_n50,Chicago,anti_cluster,Anti-cluster,daily,20,4820,20,241,1.8081774617177409,3.6816362073645106,1.628144605130175,0.17139999999999977,0.3384922713610967,0.16825367647058864,0.3082912556178208,5.812521784558596,0.5957089006082191
chicago_phase4_strategy_n50,Chicago,anti_cluster,Anti-cluster,period,2,20,20,0,4.7076357136092,4.182282665248891,-0.5070024396553898,0.4665164430582651,0.44184418478680243,-0.023638476427374044,0.647007807974795,-0.39994565654544517,-0.011253357900357528
chicago_phase4_strategy_n50,Chicago,anti_cluster,Anti-cluster,period,3,20,20,0,3.940927680255805,3.6895186461362597,-0.25775902392483463,0.3906675284605101,0.38978531317437115,-0.0017284380156064039,0.647007807974795,-0.16975739876869772,0.008337187777831195
chicago_phase4_strategy_n50,Chicago,anti_cluster,Anti-cluster,period,4,20,20,0,3.4864581399097436,3.368114464155391,-0.09345905429445378,0.3459682287182013,0.3558300356044475,0.012289387685642694,0.647007807974795,0.05609988891357801,0.02968023065111507
chicago_phase4_strategy_n50,Chicago,anti_cluster,Anti-cluster,period,5,20,20,0,3.1680799608971637,3.2011069383511512,0.039142496293629536,0.3139499433748001,0.33818624870659475,0.024608044428371834,0.647007807974795,0.17113854055344635,0.04019229540831831
chicago_phase4_strategy_n50,Chicago,anti_cluster,Anti-cluster,period,6,20,20,0,2.9144729004845793,3.081966558952639,0.17714416259298038,0.2890677168423821,0.325599465836099,0.03770664202002916,0.647007807974795,0.3156553728802907,0.05292342752584927
chicago_phase4_strategy_n50,Chicago,anti_cluster,Anti-cluster,period,7,20,20,0,2.7158350680977232,3.0234686847179066,0.325907929630165,0.2690431795177046,0.31941936094558754,0.05186753676896494,0.647007807974795,0.5014778005390031,0.07118979610879075
chicago_phase4_strategy_n50,Chicago,anti_cluster,Anti-cluster,period,8,20,20,0,2.524429586513561,2.9775641624240197,0.47220612190569455,0.25032822472411276,0.314569701595802,0.06604122287846348,0.647007807974795,0.70176277301576,0.0911137231643806
chicago_phase4_strategy_n50,Chicago,anti_cluster,Anti-cluster,period,9,20,20,0,2.3693229086952847,2.9635127370884526,0.6062849753140911,0.23472908019807237,0.3130852154743655,0.07925431898330615,0.647007807974795,0.9096767205753602,0.11216209018461397
chicago_phase4_strategy_n50,Chicago,anti_cluster,Anti-cluster,period,10,20,20,0,2.255333347898062,2.9998555573420154,0.7575211561620434,0.22375247691491262,0.3169247129624755,0.09468179948787281,0.647007807974795,0.946047777740961,0.11528836767978783
chicago_phase4_strategy_n50,Chicago,anti_cluster,Anti-cluster,period,11,20,20,0,2.1328328148058437,3.0003964848865,0.8719567141029769,0.21153148662944332,0.3169818601495624,0.10589422914277824,0.647007807974795,1.1686716020600607,0.13772634527438968
chicago_phase4_strategy_n50,Chicago,anti_cluster,Anti-cluster,period,12,20,20,0,2.0185185965047943,2.992093271751,0.97644908723866,0.19990758361047867,0.3161046534343277,0.11600850488439018,0.647007807974795,1.2607894876138934,0.14697147674332225
chicago_phase4_strategy_n50,Chicago,anti_cluster,Anti-cluster,period,13,20,20,0,1.9233455658890808,3.0332972264420466,1.1302420402124582,0.1908115009978606,0.32045771352797736,0.131685734492621,0.647007807974795,1.3915529042807988,0.15990409213787302
chicago_phase4_strategy_n50,Chicago,anti_cluster,Anti-cluster,period,14,20,20,0,1.8226085036530009,3.041986421453535,1.2331906340556578,0.18081751642340294,0.32137569793831045,0.1419591730944294,0.647007807974795,1.4637940728056038,0.16690056373703613
chicago_phase4_strategy_n50,Chicago,anti_cluster,Anti-cluster,period,15,20,20,0,1.7498575238782146,3.071166346202909,1.3317830034190652,0.17368004236149126,0.3244584594575537,0.15197012987190162,0.647007807974795,1.638541796334775,0.18503711108993928
chicago_phase4_strategy_n50,Chicago,anti_cluster,Anti-cluster,period,16,20,20,0,1.680786313066622,3.0862340370933388,1.4194031355149785,0.16656040207984812,0.3260503106381112,0.1606907430505995,0.647007807974795,1.664864081767544,0.1874887646122749
chicago_phase4_strategy_n50,Chicago,anti_cluster,Anti-cluster,period,17,20,20,0,1.6065044734326634,3.094244911930317,1.4952944863573876,0.15934643468075693,0.326896632789214,0.1683117879407381,0.647007807974795,1.7710346527351362,0.1980358611901513
chicago_phase4_strategy_n50,Chicago,anti_cluster,Anti-cluster,period,18,20,20,0,1.5363997160381426,3.108815086616958,1.577286578482696,0.1520895938169704,0.32843592304573166,0.17649188766849644,0.647007807974795,1.8281073753653077,0.20348713173050906
chicago_phase4_strategy_n50,Chicago,anti_cluster,Anti-cluster,period,19,20,20,0,1.4812499368825827,3.124815109725179,1.6585587800054682,0.14683136328689184,0.330126272008886,0.18475877563174592,0.647007807974795,1.925788447514725,0.21369228844194543
chicago_phase4_strategy_n50,Chicago,anti_cluster,Anti-cluster,period,20,20,20,0,1.4186727352594308,3.141139634305519,1.7224022904423792,0.14077788848215356,0.3318509034679611,0.19110805044930768,0.647007807974795,1.9947724584781432,0.22041981377298128
chicago_phase4_strategy_n50,Chicago,anti_cluster,Anti-cluster,period,21,20,20,0,1.3553983292583802,3.1531010191531577,1.8031583019383453,0.13449881779156359,0.33311458379756687,0.19934386419698802,0.647007807974795,2.1124277399261953,0.2321589414188276
chicago_phase4_strategy_n50,Chicago,anti_cluster,Anti-cluster,period,22,20,20,0,1.3088132332337865,3.167465907043298,1.861687417566683,0.12979806353741052,0.33463218619018154,0.2051419715645708,0.647007807974795,2.1441046967992166,0.2354429724428307
chicago_phase4_strategy_n50,Chicago,anti_cluster,Anti-cluster,period,23,20,20,0,1.259702068641037,3.174595658514547,1.9116815844382082,0.12485792733564693,0.33538542060274823,0.21014292660741818,0.647007807974795,2.189919803107037,0.2400365963589568
chicago_phase4_strategy_n50,Chicago,anti_cluster,Anti-cluster,period,24,20,20,0,1.205706787178952,3.1834479598138072,1.9905537238227833,0.11948525072619676,0.33632063664722045,0.21805534352776057,0.647007807974795,2.2813709143520504,0.2492786988760395
chicago_phase4_strategy_n50,Chicago,anti_cluster,Anti-cluster,period,25,20,20,0,1.159682165028291,3.19025383483088,2.025487481623819,0.11499057501136356,0.337039654594923,0.22153218046564627,0.647007807974795,2.3403588414284564,0.25524008749354515
chicago_phase4_strategy_n50,Chicago,anti_cluster,Anti-cluster,period,26,20,20,0,1.1164977970755732,3.209685268616483,2.087679251672122,0.11053952243161236,0.339092520627049,0.227828205781325,0.647007807974795,2.391158132093009,0.26019132437496073
chicago_phase4_strategy_n50,Chicago,anti_cluster,Anti-cluster,period,27,20,20,0,1.0742474434710956,3.2188218944997247,2.1539045999587376,0.10653315806976016,0.34005777461349673,0.23444291985245158,0.647007807974795,2.4113319107260613,0.2621787839710124
chicago_phase4_strategy_n50,Chicago,anti_cluster,Anti-cluster,period,28,20,20,0,1.0251133384849291,3.227412670641752,2.2026193123467097,0.10165822351693743,0.34096536139922495,0.23932427694753278,0.647007807974795,2.4996033728336755,0.270980069745715
chicago_phase4_strategy_n50,Chicago,anti_cluster,Anti-cluster,period,29,20,20,0,0.9825256702620594,3.2363243915303137,2.2552111158612087,0.09744557317555902,0.34190685492470374,0.24461049651712452,0.647007807974795,2.5300714221279477,0.27398433728441873
chicago_phase4_strategy_n50,Chicago,anti_cluster,Anti-cluster,period,30,20,20,0,0.9507875521354786,3.2258262321864146,2.2753491729690305,0.09428131337721002,0.3407977594789058,0.2465307168380817,0.647007807974795,2.5992463840497506,0.28086904591112444
chicago_phase4_strategy_n50,Chicago,circumferential,Circumferential,daily,5,4820,20,241,3.6330205222599803,4.238351839156433,0.2332803947538744,0.33720000000000105,0.3889999999999997,0.02783431802088865,0.20402204025465487,3.1817652346962175,0.23119926832785725
chicago_phase4_strategy_n50,Chicago,circumferential,Circumferential,daily,10,4820,20,241,2.550788978508914,3.376248079220405,0.4646648711310981,0.24020000000000064,0.3164823137744488,0.04831853901872418,0.20402204025465487,3.9201902979261516,0.3162676791956319
chicago_phase4_strategy_n50,Chicago,circumferential,Circumferential,daily,20,4820,20,241,1.6323989887945665,2.8098686440556397,0.8908184607896307,0.15195918367346906,0.26167170479302726,0.08827528442010113,0.20402204025465487,4.717229089814756,0.44758392348392206
chicago_phase4_strategy_n50,Chicago,circumferential,Circumferential,period,2,20,20,0,4.093293232349981,4.058369331629111,-0.02772341163025538,0.4124888665943889,0.42875315525587787,0.017514744478254407,0.5187732977888322,0.3658736346251783,0.060050159455458045
chicago_phase4_strategy_n50,Chicago,circumferential,Circumferential,period,3,20,20,0,3.47114467241565,3.500599551830251,0.0354103181876515,0.349366357283881,0.36982664230119333,0.020266915253054574,0.5187732977888322,0.45135888271132263,0.06766316731853969
chicago_phase4_strategy_n50,Chicago,circumferential,Circumferential,period,4,20,20,0,3.1336063930048916,3.217503886763944,0.0906661417636947,0.312648783341845,0.3399185315015001,0.02129087915263872,0.5187732977888322,0.36013443713467885,0.0564912048650614
chicago_phase4_strategy_n50,Chicago,circumferential,Circumferential,period,5,20,20,0,2.906639767001524,2.8965063868774346,0.09908166900547,0.2900082578652414,0.30600621853555765,0.023208533190844705,0.5187732977888322,0.3225216941252177,0.05149764319082876
chicago_phase4_strategy_n50,Chicago,circumferential,Circumferential,period,6,20,20,0,2.7071498516194,2.7963746394911,0.1322698749158675,0.27010687591711946,0.29542763410299155,0.026532188577548688,0.5187732977888322,0.3785193114472914,0.05807250669593412
chicago_phase4_strategy_n50,Chicago,circumferential,Circumferential,period,7,20,20,0,2.4993587660599372,2.6518634196860873,0.166974417618583,0.25107888527592737,0.2801605067426527,0.030911975809494674,0.5187732977888322,0.5246221927135231,0.07227696151993387
chicago_phase4_strategy_n50,Chicago,circumferential,Circumferential,period,8,20,20,0,2.329150430628996,2.617960539247438,0.23510208927706322,0.23381476413370228,0.27657878074077136,0.039658384394902324,0.5187732977888322,0.6386001691607511,0.08353419166636059
chicago_phase4_strategy_n50,Chicago,circumferential,Circumferential,period,9,20,20,0,2.2171386264110633,2.4801109517415667,0.31685131405310507,0.22152067957868482,0.26201543256710025,0.04588505264599174,0.5187732977888322,0.7393246418996591,0.09322168055141959
chicago_phase4_strategy_n50,Chicago,circumferential,Circumferential,period,10,20,20,0,2.100291051106337,2.3620918503028108,0.3579607254766106,0.2092007494599346,0.24954710896531074,0.04840317052267773,0.5187732977888322,0.8808652511765722,0.10722914771630958
chicago_phase4_strategy_n50,Chicago,circumferential,Circumferential,period,11,20,20,0,2.0001390121930074,2.3038132241277918,0.3950186726630063,0.19922785133418985,0.24339016689949666,0.05188692499113223,0.5187732977888322,0.9782420038582046,0.11674281023280729
chicago_phase4_strategy_n50,Chicago,circumferential,Circumferential,period,12,20,20,0,1.8730860884185287,2.228434813794308,0.4758151668287054,0.1873431342733487,0.23542668979139414,0.0598569700331435,0.5187732977888322,1.1056523197161803,0.12954965210149202
chicago_phase4_strategy_n50,Chicago,circumferential,Circumferential,period,13,20,20,0,1.8331742249931633,2.2492349995930665,0.49254838818241764,0.18288546070924427,0.23762415989881447,0.06122113022247344,0.5187732977888322,1.166960062212869,0.13554356089318384
chicago_phase4_strategy_n50,Chicago,circumferential,Circumferential,period,14,20,20,0,1.756999126522408,2.1692447844234835,0.574463681964993,0.17501278940355158,0.2291734610242031,0.07096711614790374,0.5187732977888322,1.3338167358358748,0.15192342891329239
chicago_phase4_strategy_n50,Chicago,circumferential,Circumferential,period,15,20,20,0,1.6674849254442834,2.116268523884502,0.6342003465696817,0.16609557497035876,0.22357669616529163,0.07511542991045683,0.5187732977888322,1.4129754796423346,0.16038396130840687
chicago_phase4_strategy_n50,Chicago,circumferential,Circumferential,period,16,20,20,0,1.5891972942842396,2.126753534250414,0.6188440738974111,0.1582950452958669,0.22468440246551413,0.07494763026297147,0.5187732977888322,1.465495481819715,0.1656226521675917
chicago_phase4_strategy_n50,Chicago,circumferential,Circumferential,period,17,20,20,0,1.5204845964579197,2.0981272543496705,0.7393844458451442,0.15169896488602452,0.22166013167403475,0.08496372799256013,0.5187732977888322,1.5822171191764784,0.17746688737122235
chicago_phase4_strategy_n50,Chicago,circumferential,Circumferential,period,18,20,20,0,1.4658886154338924,2.108051645476092,0.7782881266892716,0.14601307303459343,0.22270861042541013,0.08967125570016954,0.5187732977888322,1.6287586405171668,0.1820528000333654
chicago_phase4_strategy_n50,Chicago,circumferential,Circumferential,period,19,20,20,0,1.4103449867256086,2.064041911132188,0.8220866798489846,0.14048408107039867,0.21805912908943048,0.09272231304678558,0.5187732977888322,1.720129279425582,0.19055999056282383
chicago_phase4_strategy_n50,Chicago,circumferential,Circumferential,period,20,20,20,0,1.352808205939603,2.0534628208119132,0.8897172004691152,0.13474808402129046,0.2169414835564809,0.09999348245621631,0.5187732977888322,1.7455546627737992,0.19353997667589615
chicago_phase4_strategy_n50,Chicago,circumferential,Circumferential,period,21,20,20,0,1.3037367593187443,2.0354897301572463,0.9222821318395131,0.12986382337502267,0.21504268660179493,0.1032019555042476,0.5187732977888322,1.8365083438104925,0.20090026569999275
chicago_phase4_strategy_n50,Chicago,circumferential,Circumferential,period,22,20,20,0,1.2512641369208328,2.06673452587013,0.9605584517934403,0.12463425606678902,0.21834359483674026,0.10692352650348314,0.5187732977888322,1.8537698404780558,0.20245981236958688
chicago_phase4_strategy_n50,Chicago,circumferential,Circumferential,period,23,20,20,0,1.2010615329414722,2.048203603132977,0.9988377462751901,0.11963578286815846,0.21638586478702893,0.10994936696457369,0.5187732977888322,1.8972134510769123,0.20677058485227703
chicago_phase4_strategy_n50,Chicago,circumferential,Circumferential,period,24,20,20,0,1.1700477363933626,2.0356871815750224,1.0307550350053292,0.11662459484970356,0.21506354668412442,0.11307072758319325,0.5187732977888322,1.9565869013318373,0.21270442333100262
chicago_phase4_strategy_n50,Chicago,circumferential,Circumferential,period,25,20,20,0,1.1243204354764762,2.01325231987837,1.0472617261722337,0.11217697817937422,0.21269337853180703,0.11441983771073305,0.5187732977888322,1.992104862523298,0.21629085865406195
chicago_phase4_strategy_n50,Chicago,circumferential,Circumferential,period,26,20,20,0,1.0845216310136276,2.014074105493019,1.102126840549585,0.10836007845474027,0.2127801974352712,0.12006013271410154,0.5187732977888322,2.05471271048487,0.22270307987990223
chicago_phase4_strategy_n50,Chicago,circumferential,Circumferential,period,27,20,20,0,1.0311720477065953,2.021513376801809,1.1212484923911594,0.10276693970764583,0.21356613158413973,0.12197407544712391,0.5187732977888322,2.0795080058806694,0.2251130779837077
chicago_phase4_strategy_n50,Chicago,circumferential,Circumferential,period,28,20,20,0,0.9796595709427649,2.035083241247434,1.1531978446374316,0.09788241924377328,0.2149997424071155,0.12516926942179474,0.5187732977888322,2.0877068169909694,0.22578181912438813
chicago_phase4_strategy_n50,Chicago,circumferential,Circumferential,period,29,20,20,0,0.9442491900850881,2.043513936088874,1.167652541971528,0.09405524223056894,0.2158904171384899,0.12664532962280184,0.5187732977888322,2.161634319555703,0.23330995346635117
chicago_phase4_strategy_n50,Chicago,circumferential,Circumferential,period,30,20,20,0,0.9046417702526798,2.0255194039518445,1.1931560745037861,0.09010878508675102,0.21398935496285798,0.12917495853582617,0.5187732977888322,2.1953436822703045,0.2366941580376235
chicago_phase4_strategy_n50,Chicago,cluster_concentrated,Cluster-concentrated,daily,5,4820,20,241,3.034775297426318,4.17517413313812,0.7263651389412654,0.28741666666666665,0.3996275946275949,0.06644670681687215,-0.06394319633057677,7.063573122942413,0.7605676778062235
chicago_phase4_strategy_n50,Chicago,cluster_concentrated,Cluster-concentrated,daily,10,4820,20,241,2.1077494336080065,3.5206214392796515,1.0642544706068338,0.2014948979591833,0.34233481254886833,0.09916211484593784,-0.06394319633057677,8.074023096947823,0.9002417962724131
chicago_phase4_strategy_n50,Chicago,cluster_concentrated,Cluster-concentrated,daily,20,4820,20,241,1.3081197090650274,3.206668493763944,1.6844660865976733,0.12557316543638652,0.29818190515238463,0.15086200869236643,-0.06394319633057677,8.950444085965788,1.020721543191877
chicago_phase4_strategy_n50,Chicago,cluster_concentrated,Cluster-concentrated,period,2,20,20,0,3.752239374603873,4.043094976730941,0.13955582586343818,0.3810617987088314,0.4271394707136533,0.02795911030144005,0.25906982251779187,2.166760052030957,0.22506049443664322
chicago_phase4_strategy_n50,Chicago,cluster_concentrated,Cluster-concentrated,period,3,20,20,0,3.098673378130165,3.512943180321966,0.23694996387253586,0.32135458140679907,0.3711307053941906,0.038171184248442014,0.25906982251779187,2.0045404956518182,0.20849312946113394
chicago_phase4_strategy_n50,Chicago,cluster_concentrated,Cluster-concentrated,period,4,20,20,0,2.6965700783241577,3.1105110419088797,0.2853982217465012,0.2806677018803363,0.3286150950537885,0.03989178332536358,0.25906982251779187,1.9545840791172575,0.20353559082097847
chicago_phase4_strategy_n50,Chicago,cluster_concentrated,Cluster-concentrated,period,5,20,20,0,2.403308358741431,2.7811938185015417,0.2856576841499163,0.25303728751495,0.2938238311055854,0.0389681814065157,0.25906982251779187,2.0294832604723805,0.21160064590047667
chicago_phase4_strategy_n50,Chicago,cluster_concentrated,Cluster-concentrated,period,6,20,20,0,2.215428895320332,2.5983919079782707,0.27705903455571534,0.23450544583513633,0.2745114202530736,0.03756156195958216,0.25906982251779187,2.0826179908477718,0.21754310221592665
chicago_phase4_strategy_n50,Chicago,cluster_concentrated,Cluster-concentrated,period,7,20,20,0,2.0183392958053,2.4282729153171148,0.28663306831297586,0.2117864219883021,0.25653891728150624,0.039877012088973984,0.25906982251779187,2.1431220215952895,0.2241393116440122
chicago_phase4_strategy_n50,Chicago,cluster_concentrated,Cluster-concentrated,period,8,20,20,0,1.886552852034359,2.311411697488001,0.3282353778520414,0.19820503879061846,0.2441929202129831,0.04144441962394252,0.25906982251779187,2.259531158685429,0.2365620352812591
chicago_phase4_strategy_n50,Chicago,cluster_concentrated,Cluster-concentrated,period,9,20,20,0,1.7307525174620166,2.207897029049654,0.2977730788447931,0.1830565283084553,0.2332569414782948,0.038189346433055604,0.25906982251779187,2.33258846505242,0.24433920288461936
chicago_phase4_strategy_n50,Chicago,cluster_concentrated,Cluster-concentrated,period,10,20,20,0,1.639909398695405,2.143403172852276,0.3339201565883576,0.17303288331667233,0.22644338113430695,0.04252622747472978,0.25906982251779187,2.345051245105779,0.24669048218763892
chicago_phase4_strategy_n50,Chicago,cluster_concentrated,Cluster-concentrated,period,11,20,20,0,1.5604915856906725,2.0263582378891196,0.29380089083823313,0.16362639511579902,0.21407797496462555,0.03784421381284675,0.25906982251779187,2.486102192729048,0.2608445384802723
chicago_phase4_strategy_n50,Chicago,cluster_concentrated,Cluster-concentrated,period,12,20,20,0,1.4715801627843161,1.9665008754901105,0.3442097507681815,0.15459008691594311,0.20775424469349035,0.04391247396793707,0.25906982251779187,2.538755247713536,0.26648886323328297
chicago_phase4_strategy_n50,Chicago,cluster_concentrated,Cluster-concentrated,period,13,20,20,0,1.3985356972203586,1.942005713431023,0.3724408359379029,0.14691351858532053,0.20516641269419766,0.04664990739002395,0.25906982251779187,2.5969788123319693,0.2735002707684947
chicago_phase4_strategy_n50,Chicago,cluster_concentrated,Cluster-concentrated,period,14,20,20,0,1.3333403730329223,1.8612725333196982,0.38007900319504817,0.13882844500442149,0.19663722205676581,0.04704598207090527,0.25906982251779187,2.6653280835842246,0.2807618178673818
chicago_phase4_strategy_n50,Chicago,cluster_concentrated,Cluster-concentrated,period,15,20,20,0,1.25958082985087,1.7831824990281198,0.3756253806282912,0.13250672790891338,0.18838727094078056,0.04623047035420447,0.25906982251779187,2.716770668812942,0.28547600744169144
chicago_phase4_strategy_n50,Chicago,cluster_concentrated,Cluster-concentrated,period,16,20,20,0,1.2243052856808405,1.7667343566887075,0.42356028959202174,0.12862880304035684,0.1866495796786376,0.05099703993139659,0.25906982251779187,2.781048323977259,0.2923775469401234
chicago_phase4_strategy_n50,Chicago,cluster_concentrated,Cluster-concentrated,period,17,20,20,0,1.167833006887094,1.7137095737015726,0.42299005028113346,0.12270603158000437,0.18104768858525944,0.05069374739820409,0.25906982251779187,2.8222922341553973,0.2967727020917985
chicago_phase4_strategy_n50,Chicago,cluster_concentrated,Cluster-concentrated,period,18,20,20,0,1.119720190419601,1.7050646967236047,0.4509962254312462,0.11762853379503468,0.18013438622703992,0.05342845817735231,0.25906982251779187,2.870048455749723,0.30250686873290966
chicago_phase4_strategy_n50,Chicago,cluster_concentrated,Cluster-concentrated,period,19,20,20,0,1.0654428693793214,1.6942038188600077,0.48621591088648364,0.11192190564191318,0.17898697078198067,0.056819474372814316,0.25906982251779187,2.9281765428809723,0.30809336437868595
chicago_phase4_strategy_n50,Chicago,cluster_concentrated,Cluster-concentrated,period,20,20,20,0,1.0185290093790522,1.6781989354170777,0.49748613083313054,0.10789378633062618,0.1772961083407094,0.0578817716082165,0.25906982251779187,2.9405214373915185,0.30942494975699203
chicago_phase4_strategy_n50,Chicago,cluster_concentrated,Cluster-concentrated,period,21,20,20,0,0.9812158449208048,1.672254664270961,0.531524806862711,0.10307918674095529,0.17666811596216192,0.06121673662185678,0.25906982251779187,2.9709665544996886,0.3126937920801601
chicago_phase4_strategy_n50,Chicago,cluster_concentrated,Cluster-concentrated,period,22,20,20,0,0.9431383463186805,1.6499565503373477,0.558865707392398,0.09907351098276918,0.174312394753946,0.06390831083614623,0.25906982251779187,3.0228223085369317,0.31876507243514907
chicago_phase4_strategy_n50,Chicago,cluster_concentrated,Cluster-concentrated,period,23,20,20,0,0.9075554821454132,1.6464210416043246,0.559872229826883,0.09534249027229169,0.1739388800733317,0.06384171795863613,0.25906982251779187,3.0368898220972356,0.32027791053067567
chicago_phase4_strategy_n50,Chicago,cluster_concentrated,Cluster-concentrated,period,24,20,20,0,0.8705635361109554,1.6378149566832527,0.5966503372349253,0.09200514151194117,0.17302967596626528,0.06750222858978283,0.25906982251779187,3.1248007766844643,0.32917030486582355
chicago_phase4_strategy_n50,Chicago,cluster_concentrated,Cluster-concentrated,period,25,20,20,0,0.8332211028816564,1.6243356350850164,0.5996046598985902,0.08754646917085118,0.17160563069248713,0.06769102238388625,0.25906982251779187,3.1248840846361174,0.3296181587564562
chicago_phase4_strategy_n50,Chicago,cluster_concentrated,Cluster-concentrated,period,26,20,20,0,0.7990019053375997,1.5985611077819772,0.6683002348281297,0.08393457351705669,0.16888263803130155,0.07477365091876997,0.25906982251779187,3.1560747784844536,0.33292712131426816
chicago_phase4_strategy_n50,Chicago,cluster_concentrated,Cluster-concentrated,period,27,20,20,0,0.7709913329894745,1.601485969077726,0.6669748096179109,0.08101238094331453,0.16919163985118635,0.07447507919792207,0.25906982251779187,3.192077682693881,0.33675281683097313
chicago_phase4_strategy_n50,Chicago,cluster_concentrated,Cluster-concentrated,period,28,20,20,0,0.7349875176625209,1.5803614905841321,0.7124682073403897,0.07767386655910702,0.16695990930446758,0.07915915693226516,0.25906982251779187,3.2285830884223365,0.3406275777015727
chicago_phase4_strategy_n50,Chicago,cluster_concentrated,Cluster-concentrated,period,29,20,20,0,0.7163843883696515,1.5455792504047041,0.7189136448006666,0.075260336911259,0.16328528188513136,0.07960243164536474,0.25906982251779187,3.2553724103023867,0.34348207892307714
chicago_phase4_strategy_n50,Chicago,cluster_concentrated,Cluster-concentrated,period,30,20,20,0,0.6860242225534345,1.5192200775817681,0.7648810009204589,0.07207853037375767,0.16050052337887877,0.08429060420013679,0.25906982251779187,3.2956847466744543,0.34775461763186866
chicago_phase4_strategy_n50,Chicago,equidistant,Spatially balanced,daily,5,12050,50,241,3.8597375573693826,4.109764955483749,0.10726651802698361,0.3604653061224481,0.37643304064427596,0.016199999999999104,0.17830199092902088,1.5699817114263215,0.12346376865671597
chicago_phase4_strategy_n50,Chicago,equidistant,Spatially balanced,daily,10,12050,50,241,2.7494748829883213,3.23494141042361,0.27723704925912696,0.2640408163265313,0.30133335182821996,0.030946712018141254,0.17830199092902088,2.1511805618148068,0.18876460501858716
chicago_phase4_strategy_n50,Chicago,equidistant,Spatially balanced,daily,20,12050,50,241,1.7384092456164861,2.6292736904346077,0.5578940235010095,0.1696125000000004,0.24501756184228496,0.05559413812260816,0.17830199092902088,3.0753782341653344,0.31588327140891465
chicago_phase4_strategy_n50,Chicago,equidistant,Spatially balanced,period,2,50,50,0,4.3956518408689735,4.355511462468122,0.013701797705312657,0.4446542089185508,0.46014522821576787,0.01799295851878746,0.484234263229145,0.2880462292581823,0.05660437517995021
chicago_phase4_strategy_n50,Chicago,equidistant,Spatially balanced,period,3,50,50,0,3.7158442282794995,3.6971814958321687,0.06807477346093016,0.37329012524695004,0.3905948676325539,0.025680205056016092,0.484234263229145,0.3157999686263371,0.058612101834786164
chicago_phase4_strategy_n50,Chicago,equidistant,Spatially balanced,period,4,50,50,0,3.2314210075357868,3.2903421101933708,0.09307482009048917,0.3270119758905494,0.34761364635347025,0.025104155274058737,0.484234263229145,0.45005481173265127,0.07029130856442647
chicago_phase4_strategy_n50,Chicago,equidistant,Spatially balanced,period,5,50,50,0,2.9791851881529916,3.040203058338359,0.13574465860434115,0.3040940227340694,0.32118729158587733,0.03188002641585319,0.484234263229145,0.519126534132648,0.07572944574785663
chicago_phase4_strategy_n50,Chicago,equidistant,Spatially balanced,period,6,50,50,0,2.7974199675162037,2.9436993209084648,0.21710095348646385,0.27980132112320266,0.3109919942790049,0.03797374189749769,0.484234263229145,0.7249067073691399,0.09635910767159284
chicago_phase4_strategy_n50,Chicago,equidistant,Spatially balanced,period,7,50,50,0,2.680731438568462,2.901581171130564,0.27367523088588097,0.26622426242157804,0.3065423525300206,0.04348793253292005,0.484234263229145,0.9181828806061917,0.11590460064623115
chicago_phase4_strategy_n50,Chicago,equidistant,Spatially balanced,period,8,50,50,0,2.4820082943774846,2.8139788740709366,0.34360789242432266,0.24607906521920375,0.2972874626462305,0.04619453132165674,0.484234263229145,1.1549578646801144,0.13973716258100047
chicago_phase4_strategy_n50,Chicago,equidistant,Spatially balanced,period,9,50,50,0,2.3506418380480874,2.7509231046411564,0.36706214393723413,0.23258977609814524,0.29062583136260045,0.048679061719569816,0.484234263229145,1.2952739034995195,0.15359207079401271
chicago_phase4_strategy_n50,Chicago,equidistant,Spatially balanced,period,10,50,50,0,2.2204600722395647,2.6879703556443117,0.407037522339908,0.2210702227802961,0.2839750838433761,0.05172322627611203,0.484234263229145,1.4432688292212392,0.16463387003193994
chicago_phase4_strategy_n50,Chicago,equidistant,Spatially balanced,period,11,50,50,0,2.086065239351937,2.6574016516986685,0.4302894728136888,0.2095118765877806,0.280745602443881,0.05526604966510629,0.484234263229145,1.6198584206073638,0.1831369202763644
chicago_phase4_strategy_n50,Chicago,equidistant,Spatially balanced,period,12,50,50,0,1.9932586507313155,2.6198140944257835,0.46971959966110255,0.19689096303795095,0.2767746026500695,0.061881818126438226,0.484234263229145,1.6552069712683342,0.18652497893010153
chicago_phase4_strategy_n50,Chicago,equidistant,Spatially balanced,period,13,50,50,0,1.918806623413337,2.56889145592925,0.4769107344248007,0.1907382940108775,0.2713947960959482,0.059356248648104515,0.484234263229145,1.7801325424175563,0.19903220188134751
chicago_phase4_strategy_n50,Chicago,equidistant,Spatially balanced,period,14,50,50,0,1.817619307459489,2.534357609890465,0.46901488352776555,0.1801585797902221,0.2677464106873422,0.05796956372802464,0.484234263229145,1.8289572894131425,0.20646634630271002
chicago_phase4_strategy_n50,Chicago,equidistant,Spatially balanced,period,15,50,50,0,1.7426231363632796,2.5057484328479926,0.45924427672841794,0.17164282303018608,0.2647239467556748,0.05744478460241398,0.484234263229145,1.995572348475956,0.22306752476404354
chicago_phase4_strategy_n50,Chicago,equidistant,Spatially balanced,period,16,50,50,0,1.676628688125148,2.4654354604263977,0.5281122000053359,0.16562002151614408,0.2604650159607873,0.06202399490721611,0.484234263229145,2.062828692219014,0.22990341009686852
chicago_phase4_strategy_n50,Chicago,equidistant,Spatially balanced,period,17,50,50,0,1.5999018997724836,2.390858271476005,0.5724967514639446,0.1589848356379906,0.2525861852138185,0.06639578821781633,0.484234263229145,2.156767269837018,0.23894822856469294
chicago_phase4_strategy_n50,Chicago,equidistant,Spatially balanced,period,18,50,50,0,1.5310339468488532,2.29564607258996,0.5933265385269945,0.1513054283963262,0.24252733463728537,0.06835941801196688,0.484234263229145,2.2023014021123055,0.2437874183935226
chicago_phase4_strategy_n50,Chicago,equidistant,Spatially balanced,period,19,50,50,0,1.477036361395498,2.2425644333377988,0.611385353020129,0.14604019418167535,0.23691943686954264,0.07004009687869939,0.484234263229145,2.2914278671303574,0.2526674527189372
chicago_phase4_strategy_n50,Chicago,equidistant,Spatially balanced,period,20,50,50,0,1.417491281754155,2.175688905367423,0.6531725815218031,0.14083085702005116,0.22985426086320038,0.07511727787887557,0.484234263229145,2.37281770086472,0.2607478125343297
chicago_phase4_strategy_n50,Chicago,equidistant,Spatially balanced,period,21,50,50,0,1.3482032896200906,2.0811834165204623,0.7024543118743733,0.1344506704855215,0.2198700718401998,0.08019071308224568,0.484234263229145,2.434773600554583,0.2667582031911193
chicago_phase4_strategy_n50,Chicago,equidistant,Spatially balanced,period,22,50,50,0,1.296589148280819,2.0141461605142967,0.7277408224952548,0.12866873777246113,0.21278780980743361,0.08253769019268731,0.484234263229145,2.507357780435762,0.27403408727582124
chicago_phase4_strategy_n50,Chicago,equidistant,Spatially balanced,period,23,50,50,0,1.2436423918104822,1.9993414604060362,0.7880177694883461,0.1232477593703476,0.21122374272399602,0.08851848202872148,0.484234263229145,2.5459476846713622,0.277876477774741
chicago_phase4_strategy_n50,Chicago,equidistant,Spatially balanced,period,24,50,50,0,1.2096100672084522,1.9587447179065414,0.8082531185768412,0.11951000008176571,0.20693483256884715,0.09067357736793724,0.484234263229145,2.656101271119473,0.2892617003329703
chicago_phase4_strategy_n50,Chicago,equidistant,Spatially balanced,period,25,50,50,0,1.1574862163720323,1.9562139119720352,0.8734511003008678,0.11441686644471316,0.20666746138079306,0.0973565312899689,0.484234263229145,2.659734346377668,0.28918371995657044
chicago_phase4_strategy_n50,Chicago,equidistant,Spatially balanced,period,26,50,50,0,1.1032304711033478,1.8827621201279865,0.8990493478176137,0.10957832905475984,0.1989075250765997,0.09945895249487613,0.484234263229145,2.731525443351901,0.29641739739227196
chicago_phase4_strategy_n50,Chicago,equidistant,Spatially balanced,period,27,50,50,0,1.0767733369238213,1.8703339091662348,0.9379654244673816,0.10646193750041366,0.19759452612835027,0.10312799489038493,0.484234263229145,2.8063763648420506,0.3041420625590774
chicago_phase4_strategy_n50,Chicago,equidistant,Spatially balanced,period,28,50,50,0,1.0240406602873184,1.8613529597427854,0.9593993749632822,0.10112824151060185,0.19664571883954896,0.10525665499067438,0.484234263229145,2.808743671221563,0.30405879015272413
chicago_phase4_strategy_n50,Chicago,equidistant,Spatially balanced,period,29,50,50,0,0.9833860250755955,1.8068143142407076,1.0103811983660584,0.0974468405716693,0.19088389323137767,0.11045817082530673,0.484234263229145,2.903679993696603,0.3136700558945496
chicago_phase4_strategy_n50,Chicago,equidistant,Spatially balanced,period,30,50,50,0,0.9505578552137239,1.7839519887455677,1.038118634291165,0.09387146993959217,0.18846856495749842,0.11321856267078889,0.484234263229145,2.923862568078118,0.31570281541435313
chicago_phase4_strategy_n50,Chicago,kmeans_stratified,k-means stratified,daily,5,12050,50,241,3.504713998985229,3.5957412059219807,0.032598382962958805,0.333530612244898,0.33110779436152527,0.0033982600732578305,-0.002099042219435354,0.7723181836078179,0.06641417191411952
chicago_phase4_strategy_n50,Chicago,kmeans_stratified,k-means stratified,daily,10,12050,50,241,2.426992651454026,2.6233107644704177,0.06695750683243484,0.2349489795918367,0.24280524071372378,0.006574074074073621,-0.002099042219435354,1.0596686198973622,0.09747089070611946
chicago_phase4_strategy_n50,Chicago,kmeans_stratified,k-means stratified,daily,20,12050,50,241,1.5020688554138515,1.8320652346633255,0.14291147418669803,0.1475361394557826,0.17499999999999982,0.013774972382116779,-0.002099042219435354,1.7891505830990035,0.16924049854953627
chicago_phase4_strategy_n50,Chicago,kmeans_stratified,k-means stratified,period,2,50,50,0,3.885707432093629,3.932978287161352,0.061773308848491304,0.3994717206023459,0.4155060105129422,0.018581713756207208,0.2894780360083029,0.40068668905765875,0.05668664331371389
chicago_phase4_strategy_n50,Chicago,kmeans_stratified,k-means stratified,period,3,50,50,0,3.2767487362160796,3.3046808816165383,0.06367694045591099,0.3367545903613456,0.3491284896286406,0.015767957937034005,0.2894780360083029,0.29819756904145583,0.04281681259206426
chicago_phase4_strategy_n50,Chicago,kmeans_stratified,k-means stratified,period,4,50,50,0,2.8538731800388613,2.9048859019093074,0.04262484171503722,0.29185595293548694,0.30689148629111385,0.013434654221965658,0.2894780360083029,0.3275001860889543,0.044786536394100636
chicago_phase4_strategy_n50,Chicago,kmeans_stratified,k-means stratified,period,5,50,50,0,2.582925989843723,2.6268522811252812,0.04195502154150321,0.263763097605227,0.27751816355054526,0.01320284598653787,0.2894780360083029,0.32177952331049786,0.046486764834240135
chicago_phase4_strategy_n50,Chicago,kmeans_stratified,k-means stratified,period,6,50,50,0,2.347482362749842,2.3869760925775836,0.03982731430778208,0.23720509057409034,0.25217604598893484,0.011738521083497488,0.2894780360083029,0.42465605728274847,0.053966994652663025
chicago_phase4_strategy_n50,Chicago,kmeans_stratified,k-means stratified,period,7,50,50,0,2.168088368421628,2.2179329484239942,0.04574282696528553,0.21994019481609595,0.23431720281629254,0.011451442965092706,0.2894780360083029,0.46321182603030564,0.05996998434320855
chicago_phase4_strategy_n50,Chicago,kmeans_stratified,k-means stratified,period,8,50,50,0,1.9941838992864722,2.0906993682502213,0.04409440462972081,0.20409862728683859,0.22087540033447928,0.010660151990219191,0.2894780360083029,0.5247068755478714,0.06355155299251622
chicago_phase4_strategy_n50,Chicago,kmeans_stratified,k-means stratified,period,9,50,50,0,1.8691137715270694,1.9740695221459643,0.04459935215213495,0.1908690860825919,0.20855384691535406,0.010733528568795059,0.2894780360083029,0.49702912837534236,0.06333006377309142
chicago_phase4_strategy_n50,Chicago,kmeans_stratified,k-means stratified,period,10,50,50,0,1.7471811627362892,1.8425940087029093,0.04957103903638693,0.1784343751450579,0.1946638983618132,0.010794039870265948,0.2894780360083029,0.5870123853088336,0.07106109750644518
chicago_phase4_strategy_n50,Chicago,kmeans_stratified,k-means stratified,period,11,50,50,0,1.648974641353083,1.7944736551231866,0.04564929403229667,0.16837719203267687,0.18958014384283928,0.010132195083893958,0.2894780360083029,0.6470792694232428,0.07682399380615006
chicago_phase4_strategy_n50,Chicago,kmeans_stratified,k-means stratified,period,12,50,50,0,1.5619773877466607,1.6947427788026208,0.05198167561172817,0.1592773179919429,0.1790439100985064,0.009827510911046389,0.2894780360083029,0.69651940730736,0.08151036128712875
chicago_phase4_strategy_n50,Chicago,kmeans_stratified,k-means stratified,period,13,50,50,0,1.4951439050687507,1.6263670461910629,0.05549433301996376,0.1521673887760273,0.17182024248608396,0.009865531519384074,0.2894780360083029,0.716389686533162,0.08326574979195034
chicago_phase4_strategy_n50,Chicago,kmeans_stratified,k-means stratified,period,14,50,50,0,1.4088878958319166,1.5556092157917347,0.0538594152276638,0.14366658734272697,0.16434491420427033,0.01060087473016047,0.2894780360083029,0.7340116962196863,0.08529502443614531
chicago_phase4_strategy_n50,Chicago,kmeans_stratified,k-means stratified,period,15,50,50,0,1.3578350815333091,1.4797705442594797,0.05722185198507057,0.1378730396272556,0.1563328120388876,0.009966567059914944,0.2894780360083029,0.7901588582641323,0.09047040015485283
chicago_phase4_strategy_n50,Chicago,kmeans_stratified,k-means stratified,period,16,50,50,0,1.2885586900294144,1.407528661352029,0.053425581924011756,0.1314060483758528,0.1487006985698649,0.009737449858604919,0.2894780360083029,0.8225750816773473,0.0934844192728174
chicago_phase4_strategy_n50,Chicago,kmeans_stratified,k-means stratified,period,17,50,50,0,1.2242173043627695,1.3642859124358626,0.06033863930618816,0.12495968527894785,0.14413224668076552,0.009492476574097353,0.2894780360083029,0.9053830975101389,0.0989580733902365
chicago_phase4_strategy_n50,Chicago,kmeans_stratified,k-means stratified,period,18,50,50,0,1.171648171345113,1.3145459391057737,0.06226340020784582,0.11940142497405848,0.13887738474855738,0.010280430102604932,0.2894780360083029,0.9724022508525612,0.10586096256421385
chicago_phase4_strategy_n50,Chicago,kmeans_stratified,k-means stratified,period,19,50,50,0,1.1358338692124088,1.272953078907609,0.07491344322632931,0.11580166810217696,0.13448323808795237,0.01165970515724668,0.2894780360083029,1.054417437803893,0.11437536705416701
chicago_phase4_strategy_n50,Chicago,kmeans_stratified,k-means stratified,period,20,50,50,0,1.0831234526876026,1.230346468908936,0.08679019977205993,0.11102351137819522,0.1299819921492653,0.013149774979609674,0.2894780360083029,1.147394279267437,0.12407186004247912
chicago_phase4_strategy_n50,Chicago,kmeans_stratified,k-means stratified,period,21,50,50,0,1.0401097727340534,1.1687455913723017,0.07980247483649894,0.10607577962683212,0.12347406533133798,0.011701296583595866,0.2894780360083029,1.253102109110603,0.1348855476220129
chicago_phase4_strategy_n50,Chicago,kmeans_stratified,k-means stratified,period,22,50,50,0,1.0046494657177865,1.1224238928178194,0.09672552216275476,0.10234218330730949,0.11858033270398405,0.01336983805792391,0.2894780360083029,1.3072238750964003,0.1401647212355946
chicago_phase4_strategy_n50,Chicago,kmeans_stratified,k-means stratified,period,23,50,50,0,0.9637937303136367,1.0841293653536965,0.0974834487736031,0.09852894367602838,0.1145346438724344,0.013729636452663119,0.2894780360083029,1.3734613240004085,0.14707103746705158
chicago_phase4_strategy_n50,Chicago,kmeans_stratified,k-means stratified,period,24,50,50,0,0.921469894171322,1.0664730811779957,0.12616725247451804,0.09417744303938447,0.11266931646336209,0.015469994539727416,0.2894780360083029,1.4370787280068535,0.1541006342410311
chicago_phase4_strategy_n50,Chicago,kmeans_stratified,k-means stratified,period,25,50,50,0,0.8818907026162306,1.027488535819522,0.1458053978778246,0.08954588646182104,0.10855072954757938,0.01744460143595372,0.2894780360083029,1.4424339810465172,0.15483974671798842
chicago_phase4_strategy_n50,Chicago,kmeans_stratified,k-means stratified,period,26,50,50,0,0.8555792215044933,0.9962601750026266,0.13991828262048156,0.08723408302109625,0.10525155760446347,0.017072649881481272,0.2894780360083029,1.5066548113979215,0.16152728647480827
chicago_phase4_strategy_n50,Chicago,kmeans_stratified,k-means stratified,period,27,50,50,0,0.8154211401731329,0.9852389394623818,0.16073481050543542,0.08332110131122938,0.10408720090684342,0.01885741891423054,0.2894780360083029,1.5149766045371278,0.1623220638695384
chicago_phase4_strategy_n50,Chicago,kmeans_stratified,k-means stratified,period,28,50,50,0,0.7728823513374705,0.9569346644424024,0.18478182007298344,0.07887529072710064,0.10109694885475262,0.021722004087742608,0.2894780360083029,1.5900615784770973,0.16842221766390011
chicago_phase4_strategy_n50,Chicago,kmeans_stratified,k-means stratified,period,29,50,50,0,0.7546639195457289,0.951435634282574,0.1825832714514261,0.07683444708227594,0.10051599469823991,0.021406611634748884,0.2894780360083029,1.6583548298616702,0.17561272446982817
chicago_phase4_strategy_n50,Chicago,kmeans_stratified,k-means stratified,period,30,50,50,0,0.7205715586927595,0.937264051765955,0.22622732504628262,0.07340502668203808,0.09901881437223681,0.025926230400201256,0.2894780360083029,1.7113962007072883,0.1811770013109307
chicago_phase4_strategy_n50,Chicago,random,Random,daily,5,12050,50,241,3.41172362188665,3.558499150308016,0.04857840542468628,0.31991751700680204,0.3254686346863469,0.005350859581749301,0.0371116601019974,1.0174811256679688,0.08185015609660796
chicago_phase4_strategy_n50,Chicago,random,Random,daily,10,12050,50,241,2.3862701765842047,2.622718733633943,0.09472048501000296,0.22559999999999913,0.24337849373537046,0.009517041223762845,0.0371116601019974,1.3791939477791066,0.11585061436284591
chicago_phase4_strategy_n50,Chicago,random,Random,daily,20,12050,50,241,1.4927882567121438,1.876149631574114,0.1923965445415905,0.14217517006802627,0.17963765736922088,0.018604347826085554,0.0371116601019974,2.101882268915845,0.18935216220317377
chicago_phase4_strategy_n50,Chicago,random,Random,period,2,50,50,0,3.8217302394146193,3.8336414982706337,0.07174410223188943,0.3889417705452054,0.4050114107883811,0.018737305682817507,0.35077391861600127,0.28246715892736024,0.04319679487566694
chicago_phase4_strategy_n50,Chicago,random,Random,period,3,50,50,0,3.2357729101154185,3.281333222763933,0.04225181976298509,0.3302523239121449,0.34666188750771587,0.015486715429422482,0.35077391861600127,0.2124224379185148,0.03153361306785363
chicago_phase4_strategy_n50,Chicago,random,Random,period,4,50,50,0,2.835779896092169,2.8916294898642123,0.03083854679089404,0.29094135412209754,0.3054909906665757,0.012789065132723376,0.35077391861600127,0.24540465944671072,0.03221180317941531
chicago_phase4_strategy_n50,Chicago,random,Random,period,5,50,50,0,2.5387936852983852,2.582194155222065,0.0447368335676237,0.26110601775073894,0.2728001818134982,0.01286643311947211,0.35077391861600127,0.31295326053139383,0.03875249314023742
chicago_phase4_strategy_n50,Chicago,random,Random,period,6,50,50,0,2.3196323898007236,2.3876786886039003,0.05363217389958519,0.23677667074992925,0.2522502729107692,0.01291386006184636,0.35077391861600127,0.3499938637473072,0.039883151157813
chicago_phase4_strategy_n50,Chicago,random,Random,period,7,50,50,0,2.1436288019360537,2.254420880532895,0.04826884688224298,0.21732500831418555,0.2381720308868993,0.012641927081078475,0.35077391861600127,0.39951681991713334,0.044882042937756314
chicago_phase4_strategy_n50,Chicago,random,Random,period,8,50,50,0,1.9900517270373521,2.1425500145363814,0.0584595075918084,0.20426915760956987,0.2263532478098158,0.013163997332474864,0.35077391861600127,0.4083970759451189,0.045620240955605
chicago_phase4_strategy_n50,Chicago,random,Random,period,9,50,50,0,1.8436891291022888,2.020162076064633,0.06918429010235738,0.1877494273728777,0.21342337117782373,0.014026507068221061,0.35077391861600127,0.44936127572312307,0.049770145808321765
chicago_phase4_strategy_n50,Chicago,random,Random,period,10,50,50,0,1.7365496836033696,1.9147226316862083,0.07171575383673101,0.17765167300112106,0.20228404629840746,0.014451318474381747,0.35077391861600127,0.4749153122975171,0.05233732710381017
chicago_phase4_strategy_n50,Chicago,random,Random,period,11,50,50,0,1.636878879227052,1.832107454706704,0.07676417111362888,0.16845553126955304,0.19355602898220958,0.014035949854398044,0.35077391861600127,0.49944357682777185,0.05479850838409053
chicago_phase4_strategy_n50,Chicago,random,Random,period,12,50,50,0,1.557696238984237,1.7442273559920909,0.07472382420910795,0.15866770773440342,0.1842717902820903,0.013506474901789911,0.35077391861600127,0.567906815058472,0.0619002462298034
chicago_phase4_strategy_n50,Chicago,random,Random,period,13,50,50,0,1.4701376603528389,1.6540861762396513,0.08830624053883207,0.1493340903064122,0.1747486759277268,0.01522824743379525,0.35077391861600127,0.5821186773209351,0.06331576910508815
chicago_phase4_strategy_n50,Chicago,random,Random,period,14,50,50,0,1.406406799358228,1.6038823799741664,0.08668868519300243,0.14338815823168183,0.16944481265266864,0.015004606796099829,0.35077391861600127,0.6298237180067285,0.06827080391735274
chicago_phase4_strategy_n50,Chicago,random,Random,period,15,50,50,0,1.3455355400643847,1.5444063070310974,0.12648752570589172,0.13771107262688043,0.16316136433813755,0.017181485567680177,0.35077391861600127,0.6553649608391608,0.07089751083069731
chicago_phase4_strategy_n50,Chicago,random,Random,period,16,50,50,0,1.2753290075382702,1.485439262239093,0.12231969336296289,0.12993715754509427,0.15693169314639865,0.01848755725748452,0.35077391861600127,0.6929351764304729,0.07478172819932834
chicago_phase4_strategy_n50,Chicago,random,Random,period,17,50,50,0,1.213151923700151,1.399989154401203,0.1410603118435969,0.12425329043227551,0.14790417486044127,0.019874993172872113,0.35077391861600127,0.7275533035240199,0.07835068959790598
chicago_phase4_strategy_n50,Chicago,random,Random,period,18,50,50,0,1.1695548257580906,1.375589263769142,0.1636891806119411,0.11987708850171064,0.14532640796898022,0.021314013008590926,0.35077391861600127,0.7658247888378675,0.08233401416381292
chicago_phase4_strategy_n50,Chicago,random,Random,period,19,50,50,0,1.1213384260471164,1.3351400686746944,0.1811657417305076,0.1147056178067496,0.14105308570401442,0.022817625591328827,0.35077391861600127,0.7999067056520737,0.08589431027923967
chicago_phase4_strategy_n50,Chicago,random,Random,period,20,50,50,0,1.069177795767078,1.2999353600576515,0.19220686950572774,0.10947912251555936,0.13733382590629617,0.023953976504238916,0.35077391861600127,0.8175104862041949,0.08880451217066423
chicago_phase4_strategy_n50,Chicago,random,Random,period,21,50,50,0,1.0402679846789522,1.2694816792281962,0.1925007620717345,0.10597230667762547,0.1341164963145749,0.024373205124584185,0.35077391861600127,0.8950532563385267,0.09517049807647834
chicago_phase4_strategy_n50,Chicago,random,Random,period,22,50,50,0,0.9839707914678689,1.2412303675777538,0.2126880108070235,0.10089265451875784,0.13113183966545172,0.025662781867474838,0.35077391861600127,0.9953427678020825,0.10566269185100667
chicago_phase4_strategy_n50,Chicago,random,Random,period,23,50,50,0,0.9480400963815767,1.214284425940888,0.2036405770219436,0.09637774817068934,0.12828509099521446,0.0253829420104843,0.35077391861600127,1.070372910508063,0.11353961033997291
chicago_phase4_strategy_n50,Chicago,random,Random,period,24,50,50,0,0.9135078427622687,1.2028584448835333,0.22033112174549513,0.09334991249388258,0.1270779742865269,0.027012620341908544,0.35077391861600127,1.165030781463538,0.12561241343974425
chicago_phase4_strategy_n50,Chicago,random,Random,period,25,50,50,0,0.8767379026943145,1.175179918256878,0.21397384754362142,0.08890529020695848,0.12415383046069906,0.025120896690753458,0.35077391861600127,1.3035684712701614,0.13813772900203758
chicago_phase4_strategy_n50,Chicago,random,Random,period,26,50,50,0,0.8419178081838682,1.1705859414426902,0.24741356492256988,0.08560306320750932,0.123668492165117,0.0292700255491134,0.35077391861600127,1.3265111538383159,0.14056923222074585
chicago_phase4_strategy_n50,Chicago,random,Random,period,27,50,50,0,0.8084003272409814,1.1574785452104068,0.2673947387111314,0.08224148172729162,0.12228373956313421,0.03124630399920658,0.35077391861600127,1.3905772493042796,0.14977009603871316
chicago_phase4_strategy_n50,Chicago,random,Random,period,28,50,50,0,0.7802274640682354,1.153469158230439,0.27882323690420685,0.07991512855941796,0.12186016122961352,0.03206715737749288,0.35077391861600127,1.4850973140622694,0.1618363161596325
chicago_phase4_strategy_n50,Chicago,random,Random,period,29,50,50,0,0.7442949152457246,1.1162071676136924,0.289712819594413,0.07574565410586942,0.11792355646485397,0.03318852482688772,0.35077391861600127,1.5112718652672745,0.1648217159943386
chicago_phase4_strategy_n50,Chicago,random,Random,period,30,50,50,0,0.7161561628886874,1.107854050806954,0.3087794193863766,0.07338803262352434,0.1170410775935502,0.035037094535482094,0.35077391861600127,1.5410374811481076,0.16738374274302492
lucknow_phase3_random_n50,Lucknow,random,Random,daily,5,36500,100,365,6.442767052617332,6.572140691198774,0.030925087625383263,2.5693415741518786,2.6063134744180925,0.008381424900655077,-0.056516430990138034,0.9633231697190517,0.5892222481016445
lucknow_phase3_random_n50,Lucknow,random,Random,daily,10,36500,100,365,4.29053720192871,4.514509656005682,0.06621273912089531,1.7193044382686447,1.783501272308757,0.02483209274568221,-0.056516430990138034,1.178336020708436,0.7176527298889539
lucknow_phase3_random_n50,Lucknow,random,Random,daily,20,36500,100,365,2.447569195167233,2.8039564839953903,0.1623235981190847,0.9851052290021833,1.1159582088352469,0.060625080745563054,-0.056516430990138034,2.245131910330639,1.339799089434391
lucknow_phase3_random_n50,Lucknow,random,Random,period,2,100,100,0,12.623302896847994,12.723898185485044,0.03400123135279198,7.803103794937051,7.863654428790703,-0.0029144024847873595,-0.13635914009121208,0.5758570013139934,0.5277900665094938
lucknow_phase3_random_n50,Lucknow,random,Random,period,3,100,100,0,10.543651837971467,10.558968003460183,0.017092183562899876,6.48775964774989,6.525679024891046,-0.007577187647555661,-0.13635914009121208,0.3693111466878758,0.3834298913932036
lucknow_phase3_random_n50,Lucknow,random,Random,period,4,100,100,0,9.113891744819158,9.216954207687436,0.04132920076257296,5.659617689204971,5.696284402678083,0.0009474883725211214,-0.13635914009121208,0.38420306564692874,0.4062456092968929
lucknow_phase3_random_n50,Lucknow,random,Random,period,5,100,100,0,8.129206936245662,8.212877142742492,0.06669166077991395,5.025364215828937,5.0757422587926015,0.013950414136587597,-0.13635914009121208,0.395314501028074,0.3703469961618502
lucknow_phase3_random_n50,Lucknow,random,Random,period,6,100,100,0,7.351173234238978,7.434137239260719,0.07569772229498684,4.5712957138631545,4.594463534173739,0.03419474408076617,-0.13635914009121208,0.4277061627117208,0.3900112086411162
lucknow_phase3_random_n50,Lucknow,random,Random,period,7,100,100,0,6.727956019801764,6.87535972456681,0.07889459804717092,4.16555717910604,4.249126498771808,0.042438410780578195,-0.13635914009121208,0.5182347657375831,0.3466879613584012
lucknow_phase3_random_n50,Lucknow,random,Random,period,8,100,100,0,6.234465614886045,6.409873835782183,0.09889037519935773,3.8883585163081182,3.961445780369292,0.059133184408725725,-0.13635914009121208,0.5541013686486393,0.3789079379916269
lucknow_phase3_random_n50,Lucknow,random,Random,period,9,100,100,0,5.823266258532197,5.982131022200415,0.08758229528501049,3.593895498452552,3.697091128880272,0.0709877911730814,-0.13635914009121208,0.7287931962508176,0.4041090566561409
lucknow_phase3_random_n50,Lucknow,random,Random,period,10,100,100,0,5.439313220501225,5.601491561456667,0.09279399707957925,3.371131054657946,3.4618474057998228,0.05783075331321719,-0.13635914009121208,0.6791403793512858,0.4381584912013046
lucknow_phase3_random_n50,Lucknow,random,Random,period,11,100,100,0,5.125008909263325,5.328190338761699,0.10973116540732075,3.18055292318701,3.29294112103476,0.07376868006155846,-0.13635914009121208,0.7559411356678404,0.4543942264059035
lucknow_phase3_random_n50,Lucknow,random,Random,period,12,100,100,0,4.86012481885809,5.049330725324962,0.11274150609432976,3.0127454893786876,3.120599626137057,0.06206937300941817,-0.13635914009121208,0.8049923099156673,0.4593904422228278
lucknow_phase3_random_n50,Lucknow,random,Random,period,13,100,100,0,4.605595133742183,4.797980760477761,0.12501648429222634,2.8565027241468712,2.965259711007759,0.08892141906261308,-0.13635914009121208,0.790340712490115,0.5482975410478064
lucknow_phase3_random_n50,Lucknow,random,Random,period,14,100,100,0,4.368659000135013,4.553860745755639,0.12372260618880748,2.705740329469773,2.814388067196905,0.08058414376613854,-0.13635914009121208,0.8439147544400266,0.5493278334614616
lucknow_phase3_random_n50,Lucknow,random,Random,period,15,100,100,0,4.164538961386439,4.374275884932327,0.12647758982989998,2.579546312354058,2.703400595781268,0.0728629341286009,-0.13635914009121208,1.0363021729199557,0.6088834926521562
lucknow_phase3_random_n50,Lucknow,random,Random,period,16,100,100,0,3.9818139903910046,4.189001965967346,0.15464036300205697,2.4660134045467785,2.5888971588494645,0.10747979593262258,-0.13635914009121208,1.0723518955308713,0.6992609358191357
lucknow_phase3_random_n50,Lucknow,random,Random,period,17,100,100,0,3.8226606327846633,4.016674113011469,0.1295184387796262,2.357025361080339,2.4823946810438535,0.10146622412674589,-0.13635914009121208,1.1803947347240162,0.7052964950429216
lucknow_phase3_random_n50,Lucknow,random,Random,period,18,100,100,0,3.616604373060919,3.8527424099969565,0.14931957226439385,2.254625033087663,2.381081212196717,0.1013444932299592,-0.13635914009121208,1.2563716949479127,0.8472867146500471
lucknow_phase3_random_n50,Lucknow,random,Random,period,19,100,100,0,3.4870837597100963,3.7335815069386507,0.16367199377450414,2.164354718112369,2.307437101766622,0.10793118364949628,-0.13635914009121208,1.164817335307737,0.759838775802186
lucknow_phase3_random_n50,Lucknow,random,Random,period,20,100,100,0,3.3425117701563836,3.562614733798883,0.17070833197847013,2.073235100817435,2.2017758018113724,0.11104066347790464,-0.13635914009121208,1.3139811083615374,0.8856399839339887
lucknow_phase3_random_n50,Lucknow,random,Random,period,21,100,100,0,3.210760276508416,3.4329404877571044,0.18315808002818068,1.9978347510920127,2.1216342096419396,0.11550396739964519,-0.13635914009121208,1.3550478008480904,0.9076786110002264
lucknow_phase3_random_n50,Lucknow,random,Random,period,22,100,100,0,3.0733602671570206,3.3195518462731464,0.18680233751228892,1.9102916650638182,2.051557486315353,0.1313954527433907,-0.13635914009121208,1.429409093073408,0.9480974012835733
lucknow_phase3_random_n50,Lucknow,random,Random,period,23,100,100,0,2.9479895605140563,3.2002826916620033,0.20479529137942687,1.8297173442212582,1.9778464739979214,0.11561998262033057,-0.13635914009121208,1.4055708796916806,0.9335149130088968
lucknow_phase3_random_n50,Lucknow,random,Random,period,24,100,100,0,2.842611587550701,3.095289841665452,0.17952856508127768,1.7614527962598974,1.9129585380972252,0.12207312207544874,-0.13635914009121208,1.5544702336513174,1.022674475498027
lucknow_phase3_random_n50,Lucknow,random,Random,period,25,100,100,0,2.7223275396423516,2.9876226560549983,0.19053510356286218,1.6895605292919313,1.8464178028116418,0.12027237303407468,-0.13635914009121208,1.6718621950787254,1.0919109026999239
lucknow_phase3_random_n50,Lucknow,random,Random,period,26,100,100,0,2.6251942507496184,2.907386793323999,0.20840116096706773,1.6285196774642614,1.7968302402490757,0.13469690551684366,-0.13635914009121208,1.7139416564504932,1.1164772565943595
lucknow_phase3_random_n50,Lucknow,random,Random,period,27,100,100,0,2.5157930516027065,2.800351915594874,0.2077334600738001,1.5594482291249534,1.7306802854144898,0.1412666999156702,-0.13635914009121208,1.7500319590697389,1.1369972391746868
lucknow_phase3_random_n50,Lucknow,random,Random,period,28,100,100,0,2.4200524210272047,2.740596380722781,0.21425623674874905,1.4987315467142448,1.6937500247670307,0.14786590767540098,-0.13635914009121208,1.753998466507831,1.136787987715486
lucknow_phase3_random_n50,Lucknow,random,Random,period,29,100,100,0,2.309870516234751,2.628733623269273,0.23560671346363216,1.4447891627267246,1.62461633199122,0.15642356581373207,-0.13635914009121208,1.958388055729258,1.260647058747439
lucknow_phase3_random_n50,Lucknow,random,Random,period,30,100,100,0,2.2305346028435293,2.541802808295339,0.2678616072592257,1.3816763509699594,1.5708911387994053,0.1653739158124914,-0.13635914009121208,2.0446358471030552,1.3119553997936106
